from,to,common_neighbors,jaccard,adamic_adar,preferential_attachment,link,prediction,probability
30,184,1.0,0.019230769230769232,0.24136313830927508,592.0,0,1.0,"[0.1505919424190061,0.8494080575809939]"
133,2779,1.0,0.008264462809917356,0.2749075777424936,3145.0,0,1.0,"[0.00010397853258005846,0.99989602146742]"
134,3726,1.0,0.05555555555555555,0.2506903984389969,90.0,0,1.0,"[0.4276810041767617,0.5723189958232383]"
166,387,0.0,0.0,0.0,3520.0,0,1.0,"[0.00023430535921887752,0.9997656946407811]"
176,5224,0.0,0.0,0.0,1265.0,0,1.0,"[0.10794837389101197,0.892051626108988]"
176,6532,1.0,0.03571428571428571,0.20544281918875867,138.0,0,1.0,"[0.4852354453414155,0.5147645546585845]"
200,2464,1.0,0.02564102564102564,0.1805923124338364,399.0,0,1.0,"[0.359308879421067,0.640691120578933]"
214,1859,0.0,0.0,0.0,925.0,0,1.0,"[0.23685388767246446,0.7631461123275356]"
276,3784,1.0,0.02040816326530612,0.17190663415246227,301.0,0,1.0,"[0.439737416126055,0.560262583873945]"
276,4016,0.0,0.0,0.0,1582.0,0,1.0,"[0.04787871542091185,0.9521212845790882]"
302,3237,0.0,0.0,0.0,610.0,0,1.0,"[0.4261941787744404,0.5738058212255597]"
335,2779,2.0,0.021739130434782608,0.48947177545585574,765.0,0,1.0,"[0.021428670058813073,0.9785713299411869]"
370,4176,0.0,0.0,0.0,882.0,0,1.0,"[0.25905464272572143,0.7409453572742786]"
370,6034,1.0,0.014285714285714285,0.152948702070391,504.0,0,1.0,"[0.34452812638925634,0.6554718736107437]"
370,6556,1.0,0.01282051282051282,0.152948702070391,1008.0,0,1.0,"[0.11456262860025226,0.8854373713997478]"
379,6482,2.0,0.05,0.424035863579762,245.0,0,1.0,"[0.16316632021164415,0.8368336797883559]"
383,4470,2.0,0.09090909090909091,0.35851188610383167,135.0,0,1.0,"[0.36937761222044,0.63062238777956]"
399,4080,0.0,0.0,0.0,1792.0,0,1.0,"[0.027337934552117985,0.972662065447882]"
408,736,4.0,0.12903225806451613,0.943508257207931,306.0,0,1.0,"[0.006883302598449655,0.9931166974015504]"
448,3400,1.0,0.027777777777777776,0.45511961331341866,36.0,0,1.0,"[0.09613806065118044,0.9038619393488195]"
493,2458,1.0,0.015151515151515152,0.152948702070391,472.0,0,1.0,"[0.36558095755261405,0.6344190424473859]"
498,526,0.0,0.0,0.0,540.0,0,1.0,"[0.47415240286313415,0.5258475971368659]"
506,1108,1.0,0.024390243902439025,0.3396232718951086,440.0,0,1.0,"[0.09560260872089768,0.9043973912791023]"
545,1010,0.0,0.0,0.0,1058.0,0,1.0,"[0.1767619586943276,0.8232380413056724]"
546,6623,0.0,0.0,0.0,550.0,0,1.0,"[0.46725081671450797,0.532749183285492]"
563,1066,2.0,0.08333333333333333,0.35851188610383167,168.0,0,1.0,"[0.34180050767370584,0.6581994923262942]"
581,6554,0.0,0.0,0.0,1512.0,0,1.0,"[0.05753485363698784,0.9424651463630122]"
650,1475,1.0,0.018867924528301886,0.17054278655205474,608.0,0,1.0,"[0.2525096461450753,0.7474903538549247]"
672,4833,0.0,0.0,0.0,836.0,0,1.0,"[0.2842536050522885,0.7157463949477114]"
688,2997,0.0,0.0,0.0,675.0,0,1.0,"[0.38285247000543265,0.6171475299945673]"
736,3117,2.0,0.0625,0.47815929759756226,288.0,0,1.0,"[0.09675657015159544,0.9032434298484046]"
759,4929,1.0,0.012987012987012988,0.2749075777424936,1197.0,0,1.0,"[0.022824602280795917,0.977175397719204]"
760,5898,1.0,0.03225806451612903,0.24842549839846914,175.0,0,1.0,"[0.35575963511586184,0.6442403648841382]"
779,2394,4.0,0.10526315789473684,0.6979947731729145,341.0,0,1.0,"[0.059178823093596206,0.9408211769064038]"
783,2476,1.0,0.030303030303030304,0.20038343021591398,285.0,0,1.0,"[0.3922966030307377,0.6077033969692622]"
795,4098,1.0,0.027777777777777776,0.20815895490223127,312.0,0,1.0,"[0.35481881972641105,0.645181180273589]"
815,877,1.0,0.008695652173913044,0.15199298032191702,1339.0,0,1.0,"[0.04887620842363539,0.9511237915763646]"
879,5396,0.0,0.0,0.0,700.0,0,1.0,"[0.36662731829506606,0.6333726817049339]"
888,4700,1.0,0.012048192771084338,0.269282508064391,803.0,0,1.0,"[0.06823481371196392,0.9317651862880361]"
919,2454,1.0,0.027777777777777776,0.20386217799573403,186.0,0,1.0,"[0.44843598759741066,0.5515640124025893]"
965,1170,1.0,0.02702702702702703,0.19931118704250333,345.0,0,1.0,"[0.35298185151378547,0.6470181484862145]"
1039,3739,0.0,0.0,0.0,780.0,0,1.0,"[0.31684081536611486,0.6831591846338851]"
1044,3448,0.0,0.0,0.0,1548.0,0,1.0,"[0.05235984378968867,0.9476401562103113]"
1111,1643,0.0,0.0,0.0,552.0,0,1.0,"[0.46587191717822385,0.5341280828217762]"
1148,3520,0.0,0.0,0.0,544.0,0,1.0,"[0.471390434492144,0.528609565507856]"
1179,2439,1.0,0.01098901098901099,0.20325282050390903,891.0,0,1.0,"[0.09812340194969661,0.9018765980503034]"
1179,5949,2.0,0.06896551724137931,0.355245800825826,220.0,0,1.0,"[0.30524456751001405,0.694755432489986]"
1193,2819,1.0,0.041666666666666664,0.2769378934088574,154.0,0,1.0,"[0.3148344551151794,0.6851655448848206]"
1229,5260,1.0,0.01694915254237288,0.33380820069533407,171.0,0,1.0,"[0.18638697658115075,0.8136130234188492]"
1262,5979,2.0,0.027777777777777776,0.3759856057408134,345.0,0,1.0,"[0.17822113321195246,0.8217788667880476]"
1275,5255,0.0,0.0,0.0,696.0,0,1.0,"[0.3692041833041023,0.6307958166958977]"
1275,6632,0.0,0.0,0.0,522.0,0,1.0,"[0.4865984098353169,0.5134015901646831]"
1290,6959,1.0,0.047619047619047616,0.24842549839846914,57.0,0,1.0,"[0.4481422982002735,0.5518577017997265]"
1402,5836,0.0,0.0,0.0,640.0,0,1.0,"[0.40600589659635944,0.5939941034036406]"
1471,2439,1.0,0.011764705882352941,0.152948702070391,405.0,0,1.0,"[0.4064710081428984,0.5935289918571016]"
1472,3448,2.0,0.01834862385321101,0.8132176635932029,2924.0,0,1.0,"[2.3262079481668548e-06,0.9999976737920518]"
1472,6653,1.0,0.0136986301369863,0.17373953920997645,408.0,0,1.0,"[0.3584334073618536,0.6415665926381464]"
1482,4649,0.0,0.0,0.0,792.0,0,1.0,"[0.3096896312197663,0.6903103687802337]"
1501,6059,0.0,0.0,0.0,952.0,0,1.0,"[0.22360137034769945,0.7763986296523006]"
1512,4439,0.0,0.0,0.0,518.0,0,1.0,"[0.4893669932357904,0.5106330067642095]"
1514,3902,0.0,0.0,0.0,730.0,0,1.0,"[0.34755160853242484,0.6524483914675752]"
1515,3760,0.0,0.0,0.0,1022.0,0,1.0,"[0.19174448408598443,0.8082555159140156]"
1552,7120,2.0,0.06451612903225806,0.6256623998654733,200.0,0,1.0,"[0.03166807451315707,0.9683319254868429]"
1553,3173,0.0,0.0,0.0,1098.0,0,1.0,"[0.1612104667158304,0.8387895332841696]"
1591,6838,0.0,0.0,0.0,868.0,0,1.0,"[0.2665680628094154,0.7334319371905846]"
1598,2638,2.0,0.011363636363636364,0.5855132125511627,1837.0,0,1.0,"[0.0004233148113773491,0.9995766851886226]"
1599,4140,1.0,0.009345794392523364,0.36067376022224085,1547.0,0,1.0,"[0.0037717839997302473,0.9962282160002698]"
1613,1638,1.0,0.034482758620689655,0.26425736993644544,216.0,0,1.0,"[0.29875679350236745,0.7012432064976326]"
1656,2895,1.0,0.05263157894736842,0.318928988903801,64.0,0,1.0,"[0.289932057124507,0.710067942875493]"
1673,3237,2.0,0.018691588785046728,0.4646715680460389,2928.0,0,1.0,"[6.887324790752085e-05,0.9999311267520925]"
1699,2815,0.0,0.0,0.0,646.0,0,1.0,"[0.4020038010780447,0.5979961989219553]"
1701,5362,0.0,0.0,0.0,546.0,0,1.0,"[0.4700100962957518,0.5299899037042481]"
1718,6740,2.0,0.08,0.3766432650376106,162.0,0,1.0,"[0.3040329124885687,0.6959670875114313]"
1812,1860,0.0,0.0,0.0,540.0,0,1.0,"[0.47415240286313415,0.5258475971368659]"
1869,6972,0.0,0.0,0.0,896.0,0,1.0,"[0.2516803237494065,0.7483196762505935]"
1924,5016,0.0,0.0,0.0,632.0,0,1.0,"[0.41136142002723225,0.5886385799727678]"
1979,5538,3.0,0.06,0.5136033325880459,520.0,0,1.0,"[0.08057271364439911,0.9194272863556009]"
1990,5215,1.0,0.05555555555555555,0.24842549839846914,88.0,0,1.0,"[0.434454690279502,0.565545309720498]"
1996,5345,1.0,0.005780346820809248,0.19195751186603457,5720.0,0,1.0,"[1.8455626630651943e-07,0.9999998154437337]"
2009,4555,1.0,0.010309278350515464,0.22168724132403095,2352.0,0,1.0,"[0.0015814796711686578,0.9984185203288314]"
2011,4232,1.0,0.03333333333333333,0.1837418686306834,238.0,0,1.0,"[0.4666381810179003,0.5333618189820997]"
2016,3777,1.0,0.03225806451612903,0.2530848692773169,256.0,0,1.0,"[0.2965825920726551,0.703417407927345]"
2023,7043,1.0,0.017543859649122806,0.2473379469500514,697.0,0,1.0,"[0.11051074053445295,0.889489259465547]"
2026,2602,0.0,0.0,0.0,1236.0,0,1.0,"[0.11593146572699108,0.8840685342730089]"
2031,2924,1.0,0.02631578947368421,0.15199298032191702,308.0,0,1.0,"[0.4887791128956343,0.5112208871043658]"
2037,2705,1.0,0.038461538461538464,0.2749075777424936,92.0,0,1.0,"[0.35472627217059216,0.6452737278294078]"
2129,2450,0.0,0.0,0.0,697.0,0,1.0,"[0.36855926087318336,0.6314407391268166]"
2129,3621,0.0,0.0,0.0,1025.0,0,1.0,"[0.19045982218255175,0.8095401778174482]"
2131,5511,0.0,0.0,0.0,704.0,0,1.0,"[0.36405805851713346,0.6359419414828665]"
2143,2781,2.0,0.014814814814814815,0.3429655877514556,1936.0,0,1.0,"[0.0034583458472618013,0.9965416541527382]"
2201,2754,0.0,0.0,0.0,510.0,0,1.0,"[0.4949059476159616,0.5050940523840384]"
2201,4488,0.0,0.0,0.0,714.0,0,1.0,"[0.35766898766358407,0.6423310123364159]"
2201,4529,0.0,0.0,0.0,612.0,0,1.0,"[0.4248398208042545,0.5751601791957455]"
2201,6697,0.0,0.0,0.0,714.0,0,1.0,"[0.35766898766358407,0.6423310123364159]"
2218,7053,0.0,0.0,0.0,1155.0,0,1.0,"[0.14098293487060337,0.8590170651293967]"
2312,3706,0.0,0.0,0.0,796.0,0,1.0,"[0.3073257730201128,0.6926742269798871]"
2330,3829,1.0,0.027777777777777776,0.2162174871877535,300.0,0,1.0,"[0.3445141308630024,0.6554858691369976]"
2345,6993,0.0,0.0,0.0,1002.0,0,1.0,"[0.20047780463955503,0.799522195360445]"
2398,3651,3.0,0.08571428571428572,0.5136033325880459,360.0,0,1.0,"[0.1309022089152515,0.8690977910847485]"
2482,3385,1.0,0.045454545454545456,0.29120667621996243,130.0,0,1.0,"[0.3024322499501637,0.6975677500498363]"
2507,5530,2.0,0.04,0.3439504921879516,660.0,0,1.0,"[0.11486250669882464,0.8851374933011753]"
2516,3371,1.0,0.02564102564102564,0.2222316216158104,175.0,0,1.0,"[0.41004712151680334,0.5899528784831967]"
2525,2845,0.0,0.0,0.0,1060.0,0,1.0,"[0.1759571813752912,0.8240428186247089]"
2586,4748,0.0,0.0,0.0,1380.0,0,1.0,"[0.08088054026992098,0.919119459730079]"
2588,3799,2.0,0.041666666666666664,0.6307938304416509,336.0,0,1.0,"[0.019181634237377423,0.9808183657626226]"
2605,6357,0.0,0.0,0.0,2744.0,0,1.0,"[0.0020072447599969083,0.9979927552400031]"
2667,6734,1.0,0.043478260869565216,0.35295612386476116,63.0,0,1.0,"[0.22102997435590402,0.778970025644096]"
2674,4242,0.0,0.0,0.0,516.0,0,1.0,"[0.49075154022304657,0.5092484597769534]"
2695,6136,0.0,0.0,0.0,1512.0,0,1.0,"[0.05753485363698784,0.9424651463630122]"
2819,7043,0.0,0.0,0.0,574.0,0,1.0,"[0.45074300058381594,0.549256999416184]"
2845,5998,1.0,0.009433962264150943,0.35295612386476116,106.0,0,1.0,"[0.18108564151462558,0.8189143584853744]"
2872,5727,0.0,0.0,0.0,992.0,0,1.0,"[0.20495490685673584,0.7950450931432642]"
2943,6136,0.0,0.0,0.0,5292.0,0,1.0,"[1.7299281070299637e-06,0.999998270071893]"
2997,3026,3.0,0.02040816326530612,0.48332828758701196,2025.0,0,1.0,"[0.0015623163327832157,0.9984376836672167]"
3005,4863,2.0,0.019417475728155338,0.6057065584334651,2450.0,0,1.0,"[6.564713054001984e-05,0.99993435286946]"
3031,4144,1.0,0.01818181818181818,0.152948702070391,528.0,0,1.0,"[0.3329745981326294,0.6670254018673706]"
3036,5831,2.0,0.13333333333333333,0.36871104816216926,72.0,0,1.0,"[0.42616276134546255,0.5738372386545374]"
3038,6808,0.0,0.0,0.0,525.0,0,1.0,"[0.48452250254140095,0.515477497458599]"
3084,4793,2.0,0.05,0.304941682392308,405.0,0,1.0,"[0.28555427659055743,0.7144457234094426]"
3117,6236,1.0,0.022222222222222223,0.16849500042276702,480.0,0,1.0,"[0.33227923584402247,0.6677207641559775]"
3175,7054,0.0,0.0,0.0,616.0,0,1.0,"[0.42213450664096597,0.577865493359034]"
3268,6424,2.0,0.02197802197802198,0.44063512179147823,1742.0,0,1.0,"[0.002350359892914013,0.997649640107086]"
3270,6876,0.0,0.0,0.0,666.0,0,1.0,"[0.3887601962590252,0.6112398037409748]"
3448,4119,1.0,0.02040816326530612,0.29401410379520604,301.0,0,1.0,"[0.19269167496300454,0.8073083250369955]"
3595,5994,1.0,0.034482758620689655,0.40242960438184466,104.0,0,1.0,"[0.13124899905616116,0.8687510009438388]"
3621,3847,2.0,0.03333333333333333,0.4958210604437063,925.0,0,1.0,"[0.013624807380341834,0.9863751926196581]"
3746,6591,2.0,0.125,0.3981947638802214,65.0,0,1.0,"[0.3549307922178329,0.6450692077821671]"
3749,6903,1.0,0.03333333333333333,0.23382699798647663,228.0,0,1.0,"[0.35566998059667027,0.6443300194033297]"
3991,6803,0.0,0.0,0.0,600.0,0,1.0,"[0.43298219945970434,0.5670178005402957]"
4004,4871,0.0,0.0,0.0,600.0,0,1.0,"[0.43298219945970434,0.5670178005402957]"
4004,5288,0.0,0.0,0.0,1260.0,0,1.0,"[0.10928941953402306,0.890710580465977]"
4004,6543,1.0,0.014925373134328358,0.3898712452512801,480.0,0,1.0,"[0.052953693310980494,0.9470463066890195]"
4032,5676,0.0,0.0,0.0,540.0,0,1.0,"[0.47415240286313415,0.5258475971368659]"
4035,5276,1.0,0.017543859649122806,0.45511961331341866,585.0,0,1.0,"[0.021862657549983403,0.9781373424500166]"
4139,4240,1.0,0.02631578947368421,0.1837418686306834,198.0,0,1.0,"[0.48758260020498884,0.5124173997950112]"
4155,6138,1.0,0.02702702702702703,0.20325282050390903,352.0,0,1.0,"[0.3398921759185268,0.6601078240814733]"
4285,6168,1.0,0.01694915254237288,0.21762218018550925,324.0,0,1.0,"[0.3175966277831737,0.6824033722168263]"
4329,5292,0.0,0.0,0.0,680.0,0,1.0,"[0.37958516953748006,0.6204148304625199]"
4330,6657,1.0,0.0196078431372549,0.17838660519470398,276.0,0,1.0,"[0.440482186510709,0.5595178134892911]"
4404,5682,1.0,0.027777777777777776,0.20417164318237246,252.0,0,1.0,"[0.4030334740981633,0.5969665259018366]"
4427,6898,2.0,0.09523809523809523,0.3483377620520388,120.0,0,1.0,"[0.4067076798981268,0.5932923201018732]"
4439,6494,0.0,0.0,0.0,888.0,0,1.0,"[0.2558770901806342,0.7441229098193658]"
4468,6776,1.0,0.014084507042253521,0.48089834696298783,335.0,0,1.0,"[0.03315442078232181,0.9668455792176782]"
4524,5580,0.0,0.0,0.0,846.0,0,1.0,"[0.2786513955958882,0.7213486044041117]"
4591,4611,0.0,0.0,0.0,1750.0,0,1.0,"[0.030607829111129442,0.9693921708888705]"
4657,6136,0.0,0.0,0.0,756.0,0,1.0,"[0.3314035530084883,0.6685964469915118]"
4732,5765,1.0,0.030303030303030304,0.18891789404024137,208.0,0,1.0,"[0.4718821415206148,0.5281178584793852]"
4847,5100,1.0,0.017857142857142856,0.21153331149217683,350.0,0,1.0,"[0.3156074712296235,0.6843925287703765]"
4948,5402,0.0,0.0,0.0,722.0,0,1.0,"[0.35259377331586716,0.6474062266841328]"
5116,5986,1.0,0.05555555555555555,0.32351545314867247,34.0,0,1.0,"[0.30024398552989645,0.6997560144701036]"
5269,6451,1.0,0.006711409395973154,0.16281242427639875,441.0,0,1.0,"[0.3557663960354733,0.6442336039645267]"
5292,5367,0.0,0.0,0.0,680.0,0,1.0,"[0.37958516953748006,0.6204148304625199]"
5825,6596,0.0,0.0,0.0,627.0,0,1.0,"[0.4147194033023118,0.5852805966976882]"
5921,6756,1.0,0.029411764705882353,0.31465798044412485,196.0,0,1.0,"[0.21272846862795833,0.7872715313720416]"
6136,6949,1.0,0.002638522427440633,0.48089834696298783,756.0,0,1.0,"[0.0101217729645669,0.9898782270354332]"
6150,7107,0.0,0.0,0.0,512.0,0,1.0,"[0.49352103865010066,0.5064789613498993]"
6368,6917,0.0,0.0,0.0,918.0,0,1.0,"[0.24037681770827288,0.7596231822917271]"
6961,7107,1.0,0.038461538461538464,0.2969742043733701,176.0,0,1.0,"[0.2599661196577434,0.7400338803422566]"
24,1936,0.0,0.0,0.0,610.0,0,1.0,"[0.4261941787744404,0.5738058212255597]"
26,3450,2.0,0.02040816326530612,0.3843997607773169,819.0,0,1.0,"[0.0496547264812667,0.9503452735187333]"
93,6193,1.0,0.0058823529411764705,0.21576234609177827,2618.0,0,1.0,"[0.0007890786706612276,0.9992109213293388]"
94,2779,0.0,0.0,0.0,2040.0,0,1.0,"[0.01394255789704355,0.9860574421029564]"
127,7084,1.0,0.041666666666666664,0.33380820069533407,136.0,0,1.0,"[0.21718269411924448,0.7828173058807555]"
130,492,1.0,0.06666666666666667,0.28853900817779266,63.0,0,1.0,"[0.36749032969624107,0.6325096703037589]"
159,219,1.0,0.03125,0.30341307554227914,90.0,0,1.0,"[0.28940771508107094,0.710592284918929]"
159,1781,1.0,0.024390243902439025,0.30341307554227914,117.0,0,1.0,"[0.26907994211338043,0.7309200578866195]"
178,1246,1.0,0.011904761904761904,0.152948702070391,474.0,0,1.0,"[0.3614258465797613,0.6385741534202387]"
178,4531,1.0,0.012048192771084338,0.152948702070391,395.0,0,1.0,"[0.41343401775287963,0.5865659822471203]"
184,3624,3.0,0.06382978723404255,0.9562810432435912,544.0,0,1.0,"[0.0011103715910977872,0.9988896284089022]"
190,5293,1.0,0.020833333333333332,0.43429448190325176,444.0,0,1.0,"[0.03936665589241757,0.9606333441075824]"
197,2096,2.0,0.05555555555555555,0.5881940904928632,357.0,0,1.0,"[0.02863165408258657,0.9713683459174134]"
211,1978,0.0,0.0,0.0,780.0,0,1.0,"[0.31684081536611486,0.6831591846338851]"
211,5833,4.0,0.041666666666666664,1.094673939437245,2275.0,0,1.0,"[4.861844034541861e-06,0.9999951381559654]"
226,579,1.0,0.027777777777777776,0.16849500042276702,286.0,0,1.0,"[0.4652491720130494,0.5347508279869506]"
294,5312,0.0,0.0,0.0,580.0,0,1.0,"[0.446631502345287,0.5533684976547131]"
358,987,1.0,0.014705882352941176,0.35295612386476116,1190.0,0,1.0,"[0.011077154646894018,0.9889228453531059]"
363,2049,1.0,0.025,0.17190663415246227,330.0,0,1.0,"[0.42433567508133707,0.5756643249186629]"
367,6892,1.0,0.03333333333333333,0.2769378934088574,210.0,0,1.0,"[0.275954428002459,0.7240455719975409]"
368,3055,1.0,0.0136986301369863,0.152948702070391,408.0,0,1.0,"[0.40625065471972244,0.5937493452802776]"
396,7099,1.0,0.030303030303030304,0.2710850306818168,145.0,0,1.0,"[0.32320333957494934,0.6767966604250506]"
430,1436,1.0,0.011494252873563218,0.26425736993644544,1152.0,0,1.0,"[0.028358700470369366,0.9716412995296306]"
430,5202,0.0,0.0,0.0,792.0,0,1.0,"[0.3096896312197663,0.6903103687802337]"
465,485,0.0,0.0,0.0,1552.0,0,1.0,"[0.05181275454279548,0.9481872454572046]"
466,2924,2.0,0.029850746268656716,0.36871104816216926,1148.0,0,1.0,"[0.024745299522352056,0.975254700477648]"
489,1089,0.0,0.0,0.0,864.0,0,1.0,"[0.26874005342218577,0.7312599465778142]"
507,2153,0.0,0.0,0.0,795.0,0,1.0,"[0.3079157964651203,0.6920842035348798]"
512,2543,1.0,0.05263157894736842,0.33380820069533407,96.0,0,1.0,"[0.2442694815338185,0.7557305184661816]"
559,2857,1.0,0.029411764705882353,0.17054278655205474,300.0,0,1.0,"[0.4522153384785018,0.5477846615214982]"
569,5511,0.0,0.0,0.0,832.0,0,1.0,"[0.2865134042048505,0.7134865957951495]"
570,1399,2.0,0.028985507246376812,0.4580612166164594,1258.0,0,1.0,"[0.007743409415394487,0.9922565905846055]"
581,3724,1.0,0.00390625,0.3284587387530511,1260.0,0,1.0,"[0.011116615846506,0.988883384153494]"
581,5241,0.0,0.0,0.0,2772.0,0,1.0,"[0.0018577154757112592,0.9981422845242888]"
582,2170,0.0,0.0,0.0,675.0,0,1.0,"[0.38285247000543265,0.6171475299945673]"
582,4781,1.0,0.02,0.17054278655205474,270.0,0,1.0,"[0.46390853582569963,0.5360914641743004]"
587,3499,0.0,0.0,0.0,700.0,0,1.0,"[0.36662731829506606,0.6333726817049339]"
622,4404,0.0,0.0,0.0,532.0,0,1.0,"[0.4796809188310361,0.520319081168964]"
665,4375,0.0,0.0,0.0,576.0,0,1.0,"[0.4493717253134795,0.5506282746865205]"
667,4833,1.0,0.014925373134328358,0.1837418686306834,1056.0,0,1.0,"[0.07798313134971005,0.92201686865029]"
698,3219,0.0,0.0,0.0,506.0,0,1.0,"[0.4976759788197906,0.5023240211802094]"
698,3462,3.0,0.047619047619047616,0.5999964251575701,968.0,0,1.0,"[0.010300477804095346,0.9896995221959046]"
710,1341,0.0,0.0,0.0,612.0,0,1.0,"[0.4248398208042545,0.5751601791957455]"
710,6335,1.0,0.017543859649122806,0.20386217799573403,357.0,0,1.0,"[0.327428532062105,0.672571467937895]"
713,3754,1.0,0.037037037037037035,0.23307527170850925,160.0,0,1.0,"[0.4050805552603001,0.5949194447396999]"
769,2423,1.0,0.02857142857142857,0.18448363494272269,243.0,0,1.0,"[0.45687194385117375,0.5431280561488263]"
779,5898,0.0,0.0,0.0,775.0,0,1.0,"[0.3198464689389351,0.6801535310610649]"
792,5419,4.0,0.022857142857142857,0.7943513987752872,4818.0,0,1.0,"[7.372822546561875e-08,0.9999999262717746]"
875,3811,1.0,0.125,0.28126641406272834,14.0,0,1.0,"[0.4717201681125902,0.5282798318874098]"
927,6019,1.0,0.020833333333333332,0.2769378934088574,580.0,0,1.0,"[0.11533166743890182,0.8846683325610982]"
931,6910,1.0,0.034482758620689655,0.22168724132403095,224.0,0,1.0,"[0.38689474440804816,0.6131052555919518]"
932,4930,0.0,0.0,0.0,1162.0,0,1.0,"[0.1386508221842783,0.8613491778157217]"
937,4444,2.0,0.019801980198019802,0.5057997619480122,1092.0,0,1.0,"[0.007437154206371681,0.9925628457936283]"
946,1773,3.0,0.004,0.8086016234659141,23760.0,0,1.0,"[4.3766121911795075e-31,1.0]"
963,1275,0.0,0.0,0.0,696.0,0,1.0,"[0.3692041833041023,0.6307958166958977]"
986,2054,0.0,0.0,0.0,598.0,0,1.0,"[0.4343429125921815,0.5656570874078185]"
999,2508,2.0,0.14285714285714285,0.6460778847616067,60.0,0,1.0,"[0.050603083916088705,0.9493969160839113]"
1010,4682,1.0,0.017857142857142856,0.19827795135597165,506.0,0,1.0,"[0.25408176381453385,0.7459182361854662]"
1010,7051,0.0,0.0,0.0,644.0,0,1.0,"[0.40333641085968336,0.5966635891403167]"
1041,2175,2.0,0.05263157894736842,0.4415914674206324,336.0,0,1.0,"[0.11425250228195022,0.8857474977180497]"
1044,1701,0.0,0.0,0.0,756.0,0,1.0,"[0.3314035530084883,0.6685964469915118]"
1055,2928,0.0,0.0,0.0,1302.0,0,1.0,"[0.09846764000899054,0.9015323599910094]"
1103,4489,1.0,0.00390625,0.16281242427639875,762.0,0,1.0,"[0.18335986474046057,0.8166401352595394]"
1114,1869,0.0,0.0,0.0,672.0,0,1.0,"[0.3848179647710269,0.6151820352289731]"
1119,5301,0.0,0.0,0.0,714.0,0,1.0,"[0.35766898766358407,0.6423310123364159]"
1142,1336,0.0,0.0,0.0,672.0,0,1.0,"[0.3848179647710269,0.6151820352289731]"
1142,6275,0.0,0.0,0.0,528.0,0,1.0,"[0.482447129210603,0.517552870789397]"
1160,2481,0.0,0.0,0.0,744.0,0,1.0,"[0.3388100489584013,0.6611899510415987]"
1175,1688,0.0,0.0,0.0,506.0,0,1.0,"[0.4976759788197906,0.5023240211802094]"
1303,6611,0.0,0.0,0.0,1290.0,0,1.0,"[0.10145825957751246,0.8985417404224876]"
1350,3926,2.0,0.06666666666666667,0.36319585449231273,231.0,0,1.0,"[0.2810591128099922,0.7189408871900078]"
1382,2794,2.0,0.028985507246376812,0.4946719959418395,1218.0,0,1.0,"[0.00606438832803251,0.9939356116719675]"
1426,2345,1.0,0.0058823529411764705,0.15199298032191702,668.0,0,1.0,"[0.24595264210755566,0.7540473578924444]"
1468,4196,0.0,0.0,0.0,693.0,0,1.0,"[0.3711417478150713,0.6288582521849286]"
1472,1857,0.0,0.0,0.0,748.0,0,1.0,"[0.3363322118685993,0.6636677881314007]"
1579,5132,1.0,0.023255813953488372,0.2969742043733701,315.0,0,1.0,"[0.18401751199391733,0.8159824880060826]"
1598,1751,1.0,0.0058823529411764705,0.152948702070391,668.0,0,1.0,"[0.2442288001062174,0.7557711998937826]"
1600,6315,1.0,0.01694915254237288,0.17838660519470398,731.0,0,1.0,"[0.1809667392159916,0.8190332607840084]"
1644,4702,2.0,0.02857142857142857,0.4905538008427301,855.0,0,1.0,"[0.01703846809500344,0.9829615319049966]"
1732,6357,0.0,0.0,0.0,686.0,0,1.0,"[0.3756787938520202,0.6243212061479798]"
1773,4096,1.0,0.0013850415512465374,0.3284587387530511,2160.0,0,1.0,"[0.0009193254679145071,0.9990806745320855]"
1778,6815,2.0,0.06666666666666667,0.4937822907466005,175.0,0,1.0,"[0.11333405069025791,0.8866659493097421]"
1781,2963,0.0,0.0,0.0,1599.0,0,1.0,"[0.04577704357416959,0.9542229564258304]"
1812,4327,1.0,0.011111111111111112,0.3459762562611936,90.0,0,1.0,"[0.19937153253380152,0.8006284674661985]"
1812,5406,0.0,0.0,0.0,630.0,0,1.0,"[0.41270364145439603,0.5872963585456039]"
1812,5412,0.0,0.0,0.0,1890.0,0,1.0,"[0.020974708539054403,0.9790252914609456]"
1842,3370,1.0,0.043478260869565216,0.22755980665670933,143.0,0,1.0,"[0.43564861161964574,0.5643513883803543]"
1975,7104,2.0,0.1111111111111111,0.35252419326174605,51.0,0,1.0,"[0.4584588783255005,0.5415411216744995]"
1991,5995,1.0,0.037037037037037035,0.269282508064391,160.0,0,1.0,"[0.3235920459243776,0.6764079540756224]"
2098,2251,1.0,0.03571428571428571,0.21714724095162588,190.0,0,1.0,"[0.42135146401963225,0.5786485359803677]"
2117,6700,0.0,0.0,0.0,648.0,0,1.0,"[0.40067263755199245,0.5993273624480076]"
2119,5468,1.0,0.047619047619047616,0.21859304439100327,117.0,0,1.0,"[0.47912118531806624,0.5208788146819338]"
2138,2924,3.0,0.08108108108108109,0.5961483586122704,336.0,0,1.0,"[0.06605393213100966,0.9339460678689904]"
2139,2740,0.0,0.0,0.0,579.0,0,1.0,"[0.4473162607771084,0.5526837392228916]"
2158,6115,1.0,0.041666666666666664,0.30341307554227914,126.0,0,1.0,"[0.2772495058028394,0.7227504941971605]"
2186,3836,1.0,0.014084507042253521,0.24842549839846914,455.0,0,1.0,"[0.1917029599662545,0.8082970400337455]"
2225,6808,1.0,0.012345679012345678,0.20065789214663352,525.0,0,1.0,"[0.23615514342287025,0.7638448565771297]"
2247,4486,0.0,0.0,0.0,546.0,0,1.0,"[0.4700100962957518,0.5299899037042481]"
2248,6410,1.0,0.037037037037037035,0.2269261879165124,180.0,0,1.0,"[0.4061755134959837,0.5938244865040163]"
2300,2887,0.0,0.0,0.0,1876.0,0,1.0,"[0.02178607350282387,0.9782139264971761]"
2300,3119,1.0,0.034482758620689655,0.1913602136571693,224.0,0,1.0,"[0.45890900888173985,0.5410909911182602]"
2314,5138,1.0,0.01,0.17838660519470398,1494.0,0,1.0,"[0.025331543409272704,0.9746684565907273]"
2345,4474,0.0,0.0,0.0,835.0,0,1.0,"[0.28481754671639303,0.715182453283607]"
2352,4614,0.0,0.0,0.0,1233.0,0,1.0,"[0.1167859500308042,0.8832140499691958]"
2352,5086,0.0,0.0,0.0,548.0,0,1.0,"[0.46863021672356725,0.5313697832764328]"
2376,4561,0.0,0.0,0.0,575.0,0,1.0,"[0.45005726809012936,0.5499427319098706]"
2381,5495,4.0,0.056338028169014086,0.8423829478072369,1064.0,0,1.0,"[0.0017199026092135556,0.9982800973907865]"
2394,5768,1.0,0.017241379310344827,0.17373953920997645,528.0,0,1.0,"[0.2888363670499135,0.7111636329500866]"
2447,5394,1.0,0.0035587188612099642,0.25694917118487537,2720.0,0,1.0,"[0.00039476721478704077,0.999605232785213]"
2464,4377,0.0,0.0,0.0,504.0,0,1.0,"[0.4990610585511218,0.5009389414488782]"
2492,5945,0.0,0.0,0.0,1540.0,0,1.0,"[0.05347043283880196,0.9465295671611981]"
2503,4377,0.0,0.0,0.0,1056.0,0,1.0,"[0.17756962366768683,0.8224303763323132]"
2505,5554,0.0,0.0,0.0,585.0,0,1.0,"[0.44321079746202735,0.5567892025379726]"
2566,6056,0.0,0.0,0.0,1640.0,0,1.0,"[0.04106400290312945,0.9589359970968705]"
2586,6111,1.0,0.012987012987012988,0.20325282050390903,621.0,0,1.0,"[0.1880611121949265,0.8119388878050735]"
2604,5388,1.0,0.09090909090909091,0.2518706487516997,32.0,0,1.0,"[0.49826775301638926,0.5017322469836107]"
2605,4826,1.0,0.02702702702702703,0.2473379469500514,280.0,0,1.0,"[0.29026594984738024,0.7097340501526197]"
2639,5495,1.0,0.03225806451612903,0.17190663415246227,247.0,0,1.0,"[0.4881740836276061,0.5118259163723939]"
2641,2899,1.0,0.025,0.3459762562611936,378.0,0,1.0,"[0.10574902664444914,0.8942509733555508]"
2664,5263,0.0,0.0,0.0,550.0,0,1.0,"[0.46725081671450797,0.532749183285492]"
2664,6430,1.0,0.043478260869565216,0.23868315209103041,44.0,0,1.0,"[0.47675922358069855,0.5232407764193014]"
2683,5162,0.0,0.0,0.0,513.0,0,1.0,"[0.49282862012246953,0.5071713798775305]"
2696,5293,0.0,0.0,0.0,592.0,0,1.0,"[0.43843091447916366,0.5615690855208364]"
2731,5283,0.0,0.0,0.0,600.0,0,1.0,"[0.43298219945970434,0.5670178005402957]"
2779,6127,0.0,0.0,0.0,765.0,0,1.0,"[0.3259027091547228,0.6740972908452771]"
2781,5369,1.0,0.007936507936507936,0.152948702070391,726.0,0,1.0,"[0.21713393358098498,0.782866066419015]"
2801,4949,0.0,0.0,0.0,691.0,0,1.0,"[0.372435768719319,0.6275642312806811]"
2805,5836,1.0,0.03333333333333333,0.24325728130826463,184.0,0,1.0,"[0.36256416009780035,0.6374358399021997]"
2808,4940,3.0,0.06666666666666667,1.111488812720459,476.0,0,1.0,"[0.00029869274001192964,0.9997013072599881]"
2814,3462,0.0,0.0,0.0,792.0,0,1.0,"[0.3096896312197663,0.6903103687802337]"
2825,3819,2.0,0.015625,0.5752805178579343,3069.0,0,1.0,"[1.5669302690461222e-05,0.9999843306973095]"
2825,5233,1.0,0.009009009009009009,0.28126641406272834,1287.0,0,1.0,"[0.01657166991907759,0.9834283300809225]"
2825,7119,1.0,0.008849557522123894,0.26425736993644544,1485.0,0,1.0,"[0.011355393330998255,0.9886446066690018]"
2838,5963,1.0,0.0625,0.4170323914242463,30.0,0,1.0,"[0.15185054166365478,0.8481494583363453]"
2845,4120,1.0,0.009345794392523364,0.24325728130826463,212.0,0,1.0,"[0.3244122160749724,0.6755877839250276]"
2874,2920,2.0,0.15384615384615385,0.38027810769741066,56.0,0,1.0,"[0.42861482011625174,0.5713851798837483]"
2954,4242,0.0,0.0,0.0,1118.0,0,1.0,"[0.15385854909234498,0.846141450907655]"
3104,4938,1.0,0.05555555555555555,0.36926937306885504,78.0,0,1.0,"[0.19559369899737047,0.8044063010026296]"
3121,7055,2.0,0.05714285714285714,0.4261650051873862,186.0,0,1.0,"[0.18772673607028664,0.8122732639297133]"
3240,3624,0.0,0.0,0.0,714.0,0,1.0,"[0.35766898766358407,0.6423310123364159]"
3268,3857,1.0,0.0125,0.17373953920997645,938.0,0,1.0,"[0.11355257651431314,0.8864474234856868]"
3379,6116,1.0,0.027777777777777776,0.20065789214663352,340.0,0,1.0,"[0.35380308569224467,0.6461969143077553]"
3425,4448,2.0,0.06896551724137931,0.40922593864308515,234.0,0,1.0,"[0.19981288217945284,0.8001871178205472]"
3436,4001,3.0,0.039473684210526314,0.7064494075555048,1554.0,0,1.0,"[0.0007043896688266064,0.9992956103311734]"
3436,6465,4.0,0.056338028169014086,1.0050359898835843,1386.0,0,1.0,"[0.00014459635073780475,0.9998554036492622]"
3489,5631,1.0,0.03333333333333333,0.3789231816899512,238.0,0,1.0,"[0.11543322922735534,0.8845667707726447]"
3685,6055,1.0,0.02564102564102564,0.2442393366759723,399.0,0,1.0,"[0.23168173663664077,0.7683182633633592]"
3692,5973,0.0,0.0,0.0,1147.0,0,1.0,"[0.14368825899755883,0.8563117410024412]"
3713,3743,0.0,0.0,0.0,600.0,0,1.0,"[0.43298219945970434,0.5670178005402957]"
3747,5825,1.0,0.010526315789473684,0.30692767643013485,2223.0,0,1.0,"[0.0009862553793081163,0.9990137446206919]"
3765,4935,3.0,0.04225352112676056,0.7219160610697288,1344.0,0,1.0,"[0.001095026688719517,0.9989049733112805]"
3807,5554,1.0,0.02,0.152948702070391,468.0,0,1.0,"[0.3724790959455831,0.627520904054417]"
3826,5934,2.0,0.07142857142857142,0.49445949672387146,176.0,0,1.0,"[0.11422560942056885,0.8857743905794312]"
3830,4681,0.0,0.0,0.0,1025.0,0,1.0,"[0.19045982218255175,0.8095401778174482]"
4012,5298,2.0,0.06451612903225806,0.4117690162160322,162.0,0,1.0,"[0.22621279833410485,0.7737872016658951]"
4140,5269,3.0,0.01276595744680851,1.3703124421796582,13377.0,0,1.0,"[5.876170388498179e-21,1.0]"
4199,4816,1.0,0.011764705882352941,0.24842549839846914,949.0,0,1.0,"[0.05644809590818111,0.9435519040918189]"
4230,6237,0.0,0.0,0.0,1140.0,0,1.0,"[0.1460907308114605,0.8539092691885395]"
4256,5064,1.0,0.03225806451612903,0.2162174871877535,231.0,0,1.0,"[0.3929421470802334,0.6070578529197665]"
4319,4681,1.0,0.0196078431372549,0.15199298032191702,451.0,0,1.0,"[0.3854009765665964,0.6145990234334036]"
4406,5292,0.0,0.0,0.0,7280.0,0,1.0,"[7.019539974336745e-09,0.99999999298046]"
4482,4665,1.0,0.012987012987012988,0.31066746727980593,1400.0,0,1.0,"[0.009305620208273541,0.9906943797917265]"
4510,6147,1.0,0.025,0.15199298032191702,390.0,0,1.0,"[0.4311699143046454,0.5688300856953545]"
4585,4895,0.0,0.0,0.0,627.0,0,1.0,"[0.4147194033023118,0.5852805966976882]"
4591,6600,0.0,0.0,0.0,875.0,0,1.0,"[0.2627940734210382,0.7372059265789618]"
4855,6136,0.0,0.0,0.0,2268.0,0,1.0,"[0.007462515566764784,0.9925374844332352]"
4884,6925,1.0,0.018518518518518517,0.17838660519470398,684.0,0,1.0,"[0.20203726054521598,0.797962739454784]"
4973,6755,0.0,0.0,0.0,832.0,0,1.0,"[0.2865134042048505,0.7134865957951495]"
5133,5759,1.0,0.027777777777777776,0.20325282050390903,286.0,0,1.0,"[0.3827078287377485,0.6172921712622514]"
5191,5802,6.0,0.05714285714285714,1.3638122014685334,2378.0,0,1.0,"[1.3847346952035977e-06,0.9999986152653048]"
5210,5581,1.0,0.04,0.22449978268220952,144.0,0,1.0,"[0.43903381198141067,0.5609661880185893]"
5225,6937,3.0,0.13636363636363635,0.5761397459278278,114.0,0,1.0,"[0.1641792349709779,0.8358207650290221]"
5495,5857,0.0,0.0,0.0,665.0,0,1.0,"[0.3894186672771122,0.6105813327228877]"
5556,5934,1.0,0.020833333333333332,0.15199298032191702,594.0,0,1.0,"[0.29772901239291044,0.7022709876070896]"
5719,6716,0.0,0.0,0.0,1240.0,0,1.0,"[0.11480060750137419,0.8851993924986258]"
5810,5852,0.0,0.0,0.0,546.0,0,1.0,"[0.4700100962957518,0.5299899037042481]"
5814,5833,0.0,0.0,0.0,525.0,0,1.0,"[0.48452250254140095,0.515477497458599]"
5842,6987,1.0,0.0029498525073746312,0.17373953920997645,1344.0,0,1.0,"[0.03856128915246477,0.9614387108475352]"
5945,6816,0.0,0.0,0.0,1260.0,0,1.0,"[0.10928941953402306,0.890710580465977]"
5973,7057,1.0,0.020833333333333332,0.19538905998164785,558.0,0,1.0,"[0.23478921070976524,0.7652107892902348]"
5996,7105,3.0,0.13043478260869565,0.5334216223912998,165.0,0,1.0,"[0.20181847781555862,0.7981815221844414]"
6116,6315,0.0,0.0,0.0,731.0,0,1.0,"[0.34692370707270587,0.6530762929272942]"
6168,6872,0.0,0.0,0.0,756.0,0,1.0,"[0.3314035530084883,0.6685964469915118]"
6236,6739,3.0,0.0967741935483871,0.5463123618822741,120.0,0,1.0,"[0.18172174589134568,0.8182782541086543]"
6359,6724,1.0,0.018518518518518517,0.16849500042276702,294.0,0,1.0,"[0.4509568677943313,0.5490431322056687]"
6442,6474,1.0,0.0196078431372549,0.43429448190325176,387.0,0,1.0,"[0.04558759711858612,0.9544124028814138]"
6776,6796,0.0,0.0,0.0,804.0,0,1.0,"[0.3026283518447441,0.6973716481552559]"
6931,7065,0.0,0.0,0.0,2296.0,0,1.0,"[0.00690941056703247,0.9930905894329676]"
