from,to,common_neighbors,jaccard_coefficient,adamic_adar,preferential_attachment,views_diff,views_ratio,age_diff,same_partner,same_mature,link,prediction,probability
1781,3581,0,0.0,0.0,351,7858,0.2579792256845837,911,1,1,0,1,0.5501722
2323,6116,0,0.0,0.0,425,271078,0.0092685315809863,1122,0,0,0,1,0.70969766
1513,4418,0,0.0,0.0,90,611412,0.0021314862628484,446,0,1,0,1,0.5141689
2129,2636,0,0.0,0.0,328,3079,0.9055608379596692,1521,1,1,0,1,0.51996946
70,4482,0,0.0,0.0,150,855137,0.0053099795045259,344,0,1,0,1,0.6389185
368,652,1,0.0138888888888888,0.152948702070391,340,3932948,0.0003136611371817,578,0,0,0,1,0.88772225
965,5512,1,0.0526315789473684,0.2250908167817785,75,1792,0.8540241120885587,1140,1,1,0,1,0.57302296
2212,4945,0,0.0,0.0,828,1136429,0.0175350476177302,27,0,1,0,1,0.8602084
713,3754,1,0.037037037037037,0.2330752717085092,160,33887,0.3966849451644994,957,1,1,0,1,0.7549801
2928,3940,0,0.0,0.0,186,516814,0.0003210955936399,1201,0,1,0,1,0.5448588
217,2444,0,0.0,0.0,234,385281,0.0197060754250354,211,0,1,0,1,0.6678131
736,3117,2,0.0625,0.4781592975975622,288,2415,0.2903320599470201,713,1,1,0,1,0.95756245
5446,5619,1,0.0256410256410256,0.152948702070391,300,17792,0.5994957680532911,457,1,0,0,1,0.6921906
1170,6420,0,0.0,0.0,184,63913,0.2855529969371069,471,0,1,0,1,0.5615085
4985,6136,0,0.0,0.0,2646,178495894,2.605034077655248e-05,951,0,0,0,1,0.991368
2809,5273,2,0.0714285714285714,0.3157611263467897,216,10338,0.5061622241329652,751,1,1,0,1,0.71624863
1185,2213,0,0.0,0.0,162,1295056,0.0008031806261414,514,0,1,0,1,0.6433705
2061,5204,0,0.0,0.0,1242,303960,0.7234995374375398,370,1,1,0,1,0.8294177
1120,6564,0,0.0,0.0,405,1386,0.7667452036350106,1554,1,1,0,1,0.5589146
3198,6969,0,0.0,0.0,248,3069,0.5563746747614113,213,1,1,0,1,0.5610626
1425,6659,0,0.0,0.0,297,12631,0.6099857963317294,462,1,1,0,1,0.54864925
3762,4245,0,0.0,0.0,216,31013,0.4965340346434115,291,1,1,0,1,0.5326976
2354,6986,0,0.0,0.0,648,1445282,0.0008945261085487,94,0,0,0,1,0.8260816
4487,4791,1,0.0384615384615384,0.2462785458144944,92,132271,0.0718541024903335,1903,0,0,0,1,0.75743765
4174,6869,0,0.0,0.0,160,10086,0.520216915612191,132,1,1,0,1,0.5204639
1742,2269,1,0.1,0.3459762562611936,30,1377,0.4056970220110463,1120,1,0,0,1,0.86892366
2858,6116,0,0.0,0.0,612,2261178,0.0011202828625877,624,0,1,0,1,0.8502058
6358,6863,0,0.0,0.0,552,8500,0.449660084169605,547,1,0,0,1,0.60935545
1842,5467,0,0.0,0.0,352,24958,0.1514924865710154,721,1,0,0,1,0.5023537
3692,4382,0,0.0,0.0,407,786147,0.0078586627022087,1593,0,1,0,1,0.67719716
1236,2811,0,0.0,0.0,130,2039574,0.0048839179072436,166,0,1,0,1,0.5924604
739,1205,0,0.0,0.0,370,26848,0.0044866328006227,576,1,0,0,1,0.56197625
2525,2845,0,0.0,0.0,1060,833308,0.1350360493335075,890,0,1,0,1,0.7773817
2590,6413,0,0.0,0.0,273,28875,0.176552786174637,445,1,1,0,1,0.5230121
35,6925,0,0.0,0.0,468,49478802,7.600657225455359e-05,2840,0,0,0,1,0.75750124
5087,5366,0,0.0,0.0,114,1172224,0.0008242477141403,515,0,0,0,1,0.5742805
1334,4116,1,0.0147058823529411,0.152948702070391,684,17722,0.0555318695374091,1851,1,1,0,1,0.6969219
900,3189,0,0.0,0.0,160,14172,0.406284038542086,45,1,1,0,1,0.5182724
4032,5676,0,0.0,0.0,540,230499,0.4792971723793613,489,0,1,0,1,0.7091699
2210,2954,1,0.037037037037037,0.2275598066567093,195,10597,0.6775204649888721,350,1,1,0,1,0.75579655
3706,5952,0,0.0,0.0,1990,74189412,0.000164551658992,119,0,1,0,1,0.9827307
1942,3432,0,0.0,0.0,160,346311,0.045433496695094,589,0,1,0,1,0.5681448
1481,4301,0,0.0,0.0,448,2175,0.9803482204974748,427,1,0,0,1,0.54567987
3136,4357,0,0.0,0.0,9,5473131,0.0008027343721474,1143,0,0,0,1,0.5403695
2495,5417,0,0.0,0.0,644,77676,0.0708945851225426,517,1,0,0,1,0.65971917
1482,6488,0,0.0,0.0,330,755916,0.0030755109146347,83,0,1,0,1,0.7115751
1108,4141,0,0.0,0.0,540,14748,0.0981471289671559,632,1,1,0,1,0.67262924
512,5315,1,0.0123456790123456,0.2506903984389969,592,19596,0.2506882838788524,565,1,1,0,1,0.8338906
211,5900,0,0.0,0.0,585,102341,0.3581543826200369,489,0,1,0,1,0.7120943
3978,5448,0,0.0,0.0,270,5303680,0.0092905165598937,896,0,1,0,1,0.745253
831,6354,1,0.0294117647058823,0.3459762562611936,196,2038,0.1752326993119485,2149,1,1,0,1,0.804574
1901,2887,2,0.0141843971631205,0.4586494463731769,1206,741072,0.0033715314714374,329,0,1,0,1,0.96485424
4994,5900,0,0.0,0.0,153,135583,0.149672620540865,169,0,1,0,1,0.57649004
1604,4191,0,0.0,0.0,2220,620553,0.2331173557722605,1491,0,1,0,1,0.79601914
1718,4768,1,0.05,0.199575491191355,108,38396,0.0462516766853781,416,1,1,0,1,0.65181005
2858,2925,0,0.0,0.0,216,2258601,0.0022586775537899,827,0,0,0,1,0.65478176
2325,4242,0,0.0,0.0,602,7327,0.1122016236519917,964,1,1,0,1,0.6884469
1084,5301,0,0.0,0.0,336,334551,0.0248856710649422,1861,0,1,0,1,0.5995056
2960,3615,1,0.025,0.1783866051947039,378,34676,0.0038780845135157,322,1,0,0,1,0.8614851
4483,5624,0,0.0,0.0,189,81264,0.0411327433628313,513,0,0,0,1,0.5566525
1600,6315,1,0.0169491525423728,0.1783866051947039,731,232925,0.0285887063141211,801,1,0,0,1,0.8404983
5268,6647,0,0.0,0.0,22,10461474,0.0005915358781986,924,0,0,0,1,0.6636978
5100,6225,0,0.0,0.0,500,11076,0.3789391050801626,1361,0,0,0,1,0.6587273
4063,4087,0,0.0,0.0,156,1559771,0.0020186496353634,640,0,1,0,1,0.6191724
2922,3936,0,0.0,0.0,897,962591,0.008945927024133,1858,0,0,0,1,0.77950174
1600,5792,1,0.0357142857142857,0.2081589549022312,204,6047,0.1178701677607413,453,1,1,0,1,0.7810685
5458,6234,0,0.0,0.0,182,61794,0.6452759137328252,738,0,1,0,1,0.55056024
567,4281,0,0.0,0.0,195,176574,0.0162679532463479,970,0,1,0,1,0.54672986
2262,2914,0,0.0,0.0,202,4924288,0.0017460313920753,639,0,1,0,1,0.72482955
736,5010,1,0.0212765957446808,0.2749075777424936,540,107180,0.0091339397973521,579,1,1,0,1,0.8830522
1961,3884,0,0.0,0.0,264,19637,0.1995026700908972,590,1,1,0,1,0.511484
6459,6793,0,0.0,0.0,429,143322,0.1038286218086995,356,1,1,0,1,0.6183955
2758,4611,1,0.0178571428571428,0.3001016285004131,350,506977,0.0149665811766534,997,0,1,0,1,0.9178833
130,492,1,0.0666666666666666,0.2885390081777926,63,36889,0.002109989991073,1135,1,0,0,1,0.7779293
3031,6973,0,0.0,0.0,176,129354,0.0080062577646895,176,0,1,0,1,0.6288477
4963,5682,0,0.0,0.0,117,58094,0.3337538419193502,102,0,1,0,1,0.55424935
1807,7029,0,0.0,0.0,224,198747,0.0559593023255811,479,0,1,0,1,0.62704223
3621,3847,2,0.0333333333333333,0.4958210604437063,925,5821,0.6473830869880878,932,1,1,0,1,0.94666034
1599,4140,1,0.0093457943925233,0.3606737602222408,1547,9281504,0.0021869850149115,1939,0,1,0,1,0.9467565
3797,5449,0,0.0,0.0,300,39466,0.0661587241493524,291,1,1,0,1,0.5514191
581,849,0,0.0,0.0,756,19380644,0.0001223751762883,1175,0,0,0,1,0.89451206
3892,6564,1,0.027027027027027,0.2518706487516997,297,5370,0.0962638842140531,974,1,0,0,1,0.85359097
640,7056,0,0.0,0.0,184,1556564,0.0159601974952743,128,0,0,0,1,0.6441233
596,5683,0,0.0,0.0,442,96809,0.2065811580543358,266,1,1,0,1,0.64125
2692,3967,0,0.0,0.0,324,63077,0.0782124537842131,1109,1,1,0,1,0.52864987
1335,4689,0,0.0,0.0,299,74548,0.3575718926930967,311,1,1,0,1,0.5716596
2391,4466,0,0.0,0.0,96,173745,0.0120715536652488,408,0,1,0,1,0.5101511
3076,5448,0,0.0,0.0,405,5352534,0.0001647546164916,294,0,1,0,1,0.80851257
2329,6054,0,0.0,0.0,340,14535,0.1707080504364597,1015,1,1,0,1,0.52886105
1094,6317,1,0.0588235294117647,0.2275598066567093,72,5704,0.2037967615856778,144,1,0,0,1,0.60513276
1981,3001,1,0.0666666666666666,0.269282508064391,60,51004,0.008649342066901,396,1,0,0,1,0.76660854
2458,7021,1,0.024390243902439,0.2081589549022312,272,11742,0.1833356516900693,190,1,1,0,1,0.7594976
3746,5204,0,0.0,0.0,299,1093723,0.0050831839215654,2215,0,0,0,1,0.5660516
396,7099,1,0.0303030303030303,0.2710850306818168,145,271905,0.0474947716516674,2374,0,0,0,1,0.755975
1715,5283,0,0.0,0.0,480,234704,0.0450258371648287,1156,0,1,0,1,0.7028102
5556,5973,1,0.0175438596491228,0.2462785458144944,837,29252,0.3408891192176755,440,1,1,0,1,0.8962032
3846,3996,0,0.0,0.0,435,19334,0.0218062231216786,721,1,0,0,1,0.5718191
4600,6776,0,0.0,0.0,469,2043899,0.0050281662989697,277,0,1,0,1,0.7913826
200,2464,1,0.0256410256410256,0.1805923124338364,399,7563,0.4270020456094835,1379,1,0,0,1,0.7199379
1158,3898,0,0.0,0.0,129,1115873,0.0042369364843243,279,0,0,0,1,0.6239491
2360,2825,0,0.0,0.0,594,1233749,0.0037685236624849,1020,0,1,0,1,0.80839235
2232,4196,0,0.0,0.0,231,706634,0.0148669032954225,361,0,0,0,1,0.66435367
2139,2740,0,0.0,0.0,579,13474546,0.0005465099391673,643,0,1,0,1,0.90776646
371,4076,0,0.0,0.0,404,1307364,0.0028571210653568,23,0,0,0,1,0.7426195
1720,5580,0,0.0,0.0,141,505441,0.0014441731269212,40,0,1,0,1,0.54958296
2372,3390,1,0.1428571428571428,0.3789231816899512,15,12153,0.1675457223097357,1619,1,0,0,1,0.77628773
460,4621,0,0.0,0.0,640,38708,0.1454999006600555,71,1,1,0,1,0.7215559
4809,5365,0,0.0,0.0,195,9838,0.5880924468263026,341,1,1,0,1,0.5072663
3177,7104,0,0.0,0.0,187,28060,0.0881320681138668,17,1,0,0,1,0.5068119
5411,6643,0,0.0,0.0,348,238504,0.0044662609465133,1179,0,0,0,1,0.64734083
475,5379,2,0.0434782608695652,0.4172060720068364,540,59401,0.0215776383192498,423,1,1,0,1,0.94941354
3254,4374,1,0.0096153846153846,1.4426950408889634,306,903008,0.025263057905122,390,0,0,0,1,0.9972857
2034,2723,1,0.0303030303030303,0.2323384935741173,189,170380,0.0102127362929741,1065,0,0,0,1,0.84428126
986,3762,2,0.0392156862745098,0.304941682392308,702,22575,0.2619172170273895,5,1,0,0,1,0.9252891
2447,4657,1,0.0036630036630036,0.152948702070391,544,32859087,7.671566163165235e-05,1885,0,0,0,1,0.8818168
1086,4555,0,0.0,0.0,672,694716,0.140927015720661,1841,0,1,0,1,0.67240036
3285,4487,0,0.0,0.0,732,7871823,0.0012991522650859,538,0,0,0,1,0.8992592
1158,3181,0,0.0,0.0,1118,1067856,0.0470854999147793,731,0,0,0,1,0.82833165
1111,1643,0,0.0,0.0,552,22880,0.3700960823720406,1258,1,1,0,1,0.6608225
931,6180,0,0.0,0.0,154,1124,0.6587735276257867,161,1,1,0,1,0.50558776
581,3724,1,0.00390625,0.3284587387530511,1260,19374776,0.0004251144403946,1344,0,0,0,1,0.9683432
1407,4782,1,0.0303030303030303,0.152948702070391,240,16510,0.348075024679157,142,1,0,0,1,0.68811345
6168,6872,0,0.0,0.0,756,51938,0.0894140748273065,1222,1,1,0,1,0.7378331
1591,4448,0,0.0,0.0,403,493007,0.0108404727031961,1142,1,1,0,1,0.5971917
5682,5958,1,0.0833333333333333,0.2041716431823724,36,86045,0.0132001467957244,674,0,0,0,1,0.62736267
4420,5991,0,0.0,0.0,108,223396,0.0122738446845762,234,0,0,0,1,0.5611047
1175,1688,0,0.0,0.0,506,9373,0.4445300462249351,286,1,0,0,1,0.5873457
935,4611,1,0.0169491525423728,0.2484254983984691,500,500519,0.0275141835703737,1737,0,0,0,1,0.88094026
3725,4204,0,0.0,0.0,368,3495,0.5262301748677611,1776,1,1,0,1,0.52059937
5419,6357,2,0.0155038759689922,0.4127119730766741,3234,981756,0.063237633237948,56,0,1,0,1,0.9678726
2345,3681,2,0.0111731843575419,0.497315594098505,2338,7324,0.4289278752436312,654,1,1,0,1,0.9499909
1179,2439,1,0.0109890109890109,0.203252820503909,891,863962,0.0081156698211659,53,0,1,0,1,0.930324
2138,2376,0,0.0,0.0,300,1777015,0.0014172225696908,280,0,1,0,1,0.7284327
1376,6459,0,0.0,0.0,507,8327,0.4985245408009335,1271,1,0,0,1,0.56346893
3867,6401,0,0.0,0.0,104,925838,0.0040458305140173,293,0,0,0,1,0.59373444
319,5842,0,0.0,0.0,1344,7405294,0.0058376026024137,2136,0,0,0,1,0.86370695
1752,6600,1,0.0344827586206896,0.4170323914242463,125,27582,0.1244921279837441,923,1,1,0,1,0.9326437
2304,2468,0,0.0,0.0,25,8876633,0.0002089319712996,1642,0,1,0,1,0.5253609
4140,5111,0,0.0,0.0,273,9301101,8.019912604453716e-05,1088,0,0,0,1,0.78211886
3409,6753,1,0.0588235294117647,0.2369944718369138,72,4806,0.4129000732958205,840,1,0,0,1,0.59609026
85,5234,0,0.0,0.0,396,16497,0.0240194048393762,233,1,1,0,1,0.6364128
5216,5857,0,0.0,0.0,245,384696,0.0042321221957337,75,0,1,0,1,0.6712081
494,4127,0,0.0,0.0,520,6076,0.3303207318416918,1049,1,1,0,1,0.6509202
1765,6605,0,0.0,0.0,250,9957,0.0069811508925893,710,1,1,0,1,0.5169426
1501,5353,0,0.0,0.0,289,163128,0.0304716055986447,369,1,1,0,1,0.5518427
1283,2935,0,0.0,0.0,754,380513,0.0340936782892999,208,0,1,0,1,0.83247274
4949,7102,0,0.0,0.0,691,46682060,1.848641739935608e-05,933,0,0,0,1,0.9097649
2403,6889,0,0.0,0.0,374,642,0.6203429923118744,570,1,0,0,1,0.5208947
931,6910,1,0.0344827586206896,0.2216872413240309,224,5453,0.2846648301193382,144,1,1,0,1,0.7773934
24,299,0,0.0,0.0,488,846929,0.0035297065990217,53,0,0,0,1,0.7715895
2864,6873,0,0.0,0.0,221,144433,0.0397955045572697,586,0,1,0,1,0.61598897
2175,5210,0,0.0,0.0,216,38440,0.0343164347083345,257,1,1,0,1,0.5017097
2654,4632,2,0.025,0.5473768499116287,1357,5621,0.4825554634999095,62,1,1,0,1,0.95694256
2225,6808,1,0.0123456790123456,0.2006578921466335,525,194002,0.0599084147021052,150,0,1,0,1,0.87730354
2998,4314,0,0.0,0.0,90,4228817,0.0010604005474681,262,0,0,0,1,0.6335839
5882,7051,0,0.0,0.0,392,118142,0.3109646564796436,822,1,1,0,1,0.58761734
281,6536,1,0.0526315789473684,0.3789231816899512,84,1708,0.3860531991371725,52,1,1,0,1,0.9200666
2295,3841,0,0.0,0.0,130,25321979,0.0001240270529813,2038,0,1,0,1,0.6408448
4977,6091,1,0.024390243902439,0.1837418686306834,425,23544,0.1085532543258449,100,1,1,0,1,0.81109506
2248,6410,1,0.037037037037037,0.2269261879165124,180,20278,0.2868146168184755,221,1,0,0,1,0.7902724
4112,5569,1,0.009009009009009,0.333808200695334,1200,113242,0.0935491359091956,302,1,1,0,1,0.92562824
1184,5676,0,0.0,0.0,110,172721,0.1859310929914682,365,0,1,0,1,0.53270316
1044,1457,0,0.0,0.0,360,210053,0.0131128901918775,858,0,1,0,1,0.69975483
403,2254,0,0.0,0.0,297,26103,0.072882258923812,50,1,0,0,1,0.5663265
2731,5283,0,0.0,0.0,600,397,0.9653668324172584,912,1,1,0,1,0.65455806
5978,7069,1,0.0129870129870129,0.168495000422767,365,1558401,0.0046293901123431,176,0,0,0,1,0.8442962
4630,5931,0,0.0,0.0,504,140984,0.2477603658113625,677,0,1,0,1,0.70814705
5006,6815,0,0.0,0.0,450,8660,0.5809339462859627,609,1,1,0,1,0.6333155
832,3760,0,0.0,0.0,1460,4312007,0.0127176505282593,925,0,0,0,1,0.87266904
1937,4140,0,0.0,0.0,91,9301358,5.257020460560144e-05,1978,0,0,0,1,0.58823067
1963,4782,1,0.027027027027027,0.152948702070391,280,226522,0.0374569234756963,980,0,0,0,1,0.8094069
673,5354,0,0.0,0.0,162,1914782,0.0018261103016496,932,0,0,0,1,0.5849875
3320,4602,0,0.0,0.0,2048,90638,0.334723027576131,751,1,0,0,1,0.8489127
2422,4032,0,0.0,0.0,1080,441683,0.002227397897752,646,1,1,0,1,0.83069813
2872,3348,0,0.0,0.0,310,3646,0.7422775146673681,827,1,1,0,1,0.51389956
6045,6445,0,0.0,0.0,176,207262,0.0187015889248716,83,1,0,0,1,0.5201285
178,6933,0,0.0,0.0,237,1734422,0.0017697872284096,659,0,1,0,1,0.6893869
5569,6882,0,0.0,0.0,600,117730,0.0576247308471207,668,1,1,0,1,0.7100841
454,2577,0,0.0,0.0,748,20768,0.035078752961946,1251,1,0,0,1,0.63286245
3053,7104,2,0.074074074074074,0.3860239737789002,204,1469,0.4583333333331643,1196,1,0,0,1,0.873177
452,5367,0,0.0,0.0,357,787659,0.0135507633888931,595,0,0,0,1,0.72419757
5093,5204,0,0.0,0.0,69,1095653,0.0033275387947541,83,0,0,0,1,0.5152479
4328,5986,0,0.0,0.0,1071,25876,0.2564795126716782,1252,1,0,0,1,0.72348976
2590,5354,0,0.0,0.0,1134,1912094,0.0032273619404832,965,0,1,0,1,0.8669591
5007,5422,0,0.0,0.0,588,1912,0.9702495798842196,1144,1,1,0,1,0.65628093
4317,4374,0,0.0,0.0,816,920310,0.0065867022447895,965,0,1,0,1,0.83214426
306,3363,0,0.0,0.0,234,31576,0.1760561542676675,1070,0,1,0,1,0.53718907
3432,4843,0,0.0,0.0,460,381939,0.041370707440854,229,0,0,0,1,0.7357137
219,3925,0,0.0,0.0,2190,5772108,0.0011066880124488,1177,0,0,0,1,0.8914859
112,5349,0,0.0,0.0,312,8809,0.0607740697302419,416,1,0,0,1,0.5265243
1686,2439,0,0.0,0.0,162,838448,0.037407394225923,379,0,0,0,1,0.5867778
4863,6366,0,0.0,0.0,350,2607246,0.0020622865659713,417,0,1,0,1,0.7657079
2503,6811,3,0.0566037735849056,0.6688306766393589,528,279818,0.1300435882927189,252,1,1,0,1,0.96588326
5842,6987,1,0.0029498525073746,0.1737395392099764,1344,7447742,0.0001389489845111,2652,0,1,0,1,0.89711
2904,6290,0,0.0,0.0,159,408811,0.0246247005716575,217,0,0,0,1,0.5969064
2054,4155,0,0.0,0.0,506,5071,0.6408894554209588,831,1,0,0,1,0.58319926
2934,4126,0,0.0,0.0,352,32249,0.0912702885482391,1119,1,1,0,1,0.54186535
527,6750,0,0.0,0.0,1240,83765,0.1424900700217011,612,1,0,0,1,0.79463005
1158,1710,0,0.0,0.0,172,1118354,0.0020229854696636,1158,0,1,0,1,0.5520593
2129,6214,0,0.0,0.0,615,31770,0.0255497960310393,589,1,0,0,1,0.6576992
1241,1869,1,0.0089285714285714,0.151992980321917,112,474180,0.0287654846955495,183,0,1,0,1,0.7178464
2201,4106,0,0.0,0.0,102,31415794,4.15697184017621e-05,1384,0,0,0,1,0.5936494
2943,3371,0,0.0,0.0,490,11354,0.1328852909729545,879,1,0,0,1,0.5722852
363,2049,1,0.025,0.1719066341524622,330,41149,0.3530031446540825,793,0,1,0,1,0.77550656
2507,4902,0,0.0,0.0,220,60336,0.2548903378778865,270,1,1,0,1,0.50765413
26,6511,1,0.0108695652173913,0.152948702070391,182,346533,0.0044043371084794,687,0,1,0,1,0.76113987
1082,3578,0,0.0,0.0,25,9356307,0.0001018460532249,1718,0,1,0,1,0.5232029
4668,5145,0,0.0,0.0,150,276163,0.0273861639295763,1340,0,1,0,1,0.50400245
1996,2175,0,0.0,0.0,528,33418,0.1604783198512746,217,1,1,0,1,0.6755844
4314,6325,0,0.0,0.0,150,4232686,0.0001464576385453,1490,0,1,0,1,0.6041445
3120,6168,1,0.0172413793103448,0.1783866051947039,270,96286,0.372009600584381,1035,1,0,0,1,0.6458849
2163,2257,1,0.0303030303030303,0.2518706487516997,240,738,0.7736890524376653,1447,1,0,0,1,0.78508854
1534,5098,0,0.0,0.0,84,1797978,0.0189586648071395,187,0,0,0,1,0.55973876
3706,6779,0,0.0,0.0,199,74200261,1.834191710795756e-05,688,0,1,0,1,0.88313085
2909,3110,0,0.0,0.0,390,47963,0.1153349564704125,583,1,0,0,1,0.53559643
2381,6352,1,0.0125,0.2216872413240309,1400,1179188,0.0026853005379904,267,0,1,0,1,0.9478502
1388,1980,0,0.0,0.0,336,58591,0.6364307654121769,1228,1,1,0,1,0.5278575
93,6895,0,0.0,0.0,2002,2488020,0.0044160675070906,1708,0,0,0,1,0.82689446
2605,5138,1,0.009090909090909,0.152948702070391,2324,348958,0.7533612985076205,973,1,1,0,1,0.89892346
4843,5766,0,0.0,0.0,184,355961,0.1065729302096769,66,0,0,0,1,0.5355131
559,2857,1,0.0294117647058823,0.1705427865520547,300,10853,0.4901343606125862,734,1,0,0,1,0.71894234
493,3237,1,0.0084033613445378,0.2835784920513334,3599,1276854,0.122655394328009,1311,0,1,0,1,0.92036176
946,1773,3,0.004,0.8086016234659141,23760,89499255,8.444049951817635e-05,1456,0,0,0,1,0.99092776
5322,5927,0,0.0,0.0,364,28377,0.0552966242759153,612,1,1,0,1,0.5793485
4315,5349,0,0.0,0.0,288,26661,0.2602386237513801,931,1,1,0,1,0.50788915
5328,5974,0,0.0,0.0,165,2322774,0.0029331127524943,126,0,0,0,1,0.6630888
5856,6280,0,0.0,0.0,74,7866471,0.0003267233800505,46,0,0,0,1,0.5544526
4037,4249,1,0.05,0.1805923124338364,108,8354,0.1135398981324157,2360,1,0,0,1,0.514127
1044,3448,0,0.0,0.0,1548,155313,0.578133785314416,652,1,1,0,1,0.8818435
945,3465,1,0.0384615384615384,0.2157623460917782,182,6691,0.3089237760792905,82,1,1,0,1,0.7283278
2201,4488,0,0.0,0.0,714,31412279,0.0001534514643299,611,0,0,0,1,0.91106427
5744,7043,0,0.0,0.0,328,2660669,0.0014171806886612,683,0,1,0,1,0.7584842
449,3498,0,0.0,0.0,500,15162,0.6617437087274527,655,1,0,0,1,0.5833055
1869,4450,1,0.0084033613445378,0.151992980321917,896,486171,0.0042050370321819,249,0,1,0,1,0.9163098
5602,6533,1,0.0476190476190476,0.3146579804441248,57,6987,0.2623521959459182,497,1,0,0,1,0.81226724
1657,4140,0,0.0,0.0,182,9287252,0.0015690432233512,1201,0,1,0,1,0.7150633
2887,4703,0,0.0,0.0,804,737940,0.0075835923284546,1853,0,1,0,1,0.7294902
1535,5847,0,0.0,0.0,84,2063938,0.0004992811030092,414,0,1,0,1,0.5526833
469,2887,0,0.0,0.0,938,728561,0.0201969125002185,72,0,1,0,1,0.861864
1553,6943,0,0.0,0.0,486,12214,0.3829443265635858,721,1,0,0,1,0.5802225
2887,4978,1,0.0073529411764705,0.1719066341524622,402,727037,0.0222464593540161,556,0,1,0,1,0.8660237
5312,5686,0,0.0,0.0,1276,79492,0.3678367502743597,590,1,1,0,1,0.8661133
1438,5802,1,0.0120481927710843,0.2081589549022312,164,1304956,0.0013919764305255,1316,0,1,0,1,0.7672817
3763,6294,0,0.0,0.0,292,370059,0.0168621116560309,388,1,1,0,1,0.56057787
2503,6903,0,0.0,0.0,836,304928,0.0519763964109609,1101,1,0,0,1,0.673245
188,2732,0,0.0,0.0,278,3726987,0.0016917994601563,289,0,1,0,1,0.74165946
4087,6033,2,0.016,0.7481925547588062,3822,1531400,0.020171140540243,1205,0,0,0,1,0.98430806
1692,6491,1,0.0344827586206896,0.152948702070391,200,35013,0.1076534903280039,1395,1,0,0,1,0.5608311
2440,6019,0,0.0,0.0,754,2687,0.9644303830981312,320,1,0,0,1,0.6445008
2203,4695,0,0.0,0.0,459,47646,0.0165944272445817,330,1,1,0,1,0.6592822
3268,6546,0,0.0,0.0,201,360393,0.0933281340411077,10,1,0,0,1,0.51943296
2061,2738,0,0.0,0.0,1782,754174,0.0517721106781784,1326,0,1,0,1,0.8106309
581,5241,0,0.0,0.0,2772,19375829,0.0003707885295043,652,0,0,0,1,0.9643189
2722,4738,2,0.0444444444444444,1.1556420023477334,510,791674,0.0146800934447999,186,0,0,0,1,0.99744
4027,7057,0,0.0,0.0,612,270162,0.0267308398959585,2629,0,0,0,1,0.6717276
683,4219,0,0.0,0.0,242,84211,0.276338856042896,220,1,1,0,1,0.5392214
2638,5225,0,0.0,0.0,209,89899,0.0829065758064178,1557,0,1,0,1,0.5410934
665,1778,0,0.0,0.0,224,126377,0.2415074182551481,45,1,1,0,1,0.5419199
6075,7097,0,0.0,0.0,136,71156,0.0100034782608694,5,1,0,0,1,0.5142123
2929,5312,1,0.0166666666666666,0.1837418686306834,174,125559,0.001487124838961,71,1,1,0,1,0.6079522
820,4732,0,0.0,0.0,312,14199,0.1897397854371039,328,1,1,0,1,0.5538
2664,6430,1,0.0434782608695652,0.2386831520910304,44,21212,0.0716442732723501,476,1,0,0,1,0.5398153
1718,6740,2,0.08,0.3766432650376106,162,1377,0.5748687866623727,810,1,0,0,1,0.7513387
2555,2787,0,0.0,0.0,102,1677731,0.0002097631642773,1050,0,0,0,1,0.5180473
1175,1911,0,0.0,0.0,414,2443,0.873531086607606,31,1,1,0,1,0.6097824
1,1163,0,0.0,0.0,312,618969,0.0055556715887967,85,0,1,0,1,0.7016458
6106,6716,0,0.0,0.0,155,965755,0.0060373334870283,1037,0,1,0,1,0.53895843
4100,6861,0,0.0,0.0,126,3998156,0.0039943301139208,386,1,1,0,1,0.51303905
1862,2085,0,0.0,0.0,148,289023,0.0091534592876757,581,0,0,0,1,0.5474775
859,4142,1,0.0208333333333333,0.1719066341524622,294,6783,0.6948717948717636,204,1,1,0,1,0.65600896
399,4080,0,0.0,0.0,1792,113485,0.4567340373586582,229,0,0,0,1,0.7544508
6621,6908,1,0.032258064516129,0.203862177995734,175,4313,0.8073263345990258,544,1,0,0,1,0.6627364
815,3855,1,0.0277777777777777,0.151992980321917,312,10066,0.4004764740916974,547,1,0,0,1,0.7186797
2879,6529,0,0.0,0.0,286,10764,0.5164854909711384,768,1,1,0,1,0.53031623
4509,6074,0,0.0,0.0,525,3635,0.7100350989150678,732,1,1,0,1,0.6443517
1342,5293,0,0.0,0.0,222,549856,0.0006415743835524,110,0,0,0,1,0.6607134
971,2740,1,0.0047619047619047,0.2181040551873126,3474,13479754,0.0001602146401467,944,0,0,0,1,0.9747755
2963,4071,0,0.0,0.0,533,155659,0.1636542408579494,435,0,1,0,1,0.738213
2448,4895,0,0.0,0.0,342,58717,0.4007674487431965,442,1,1,0,1,0.58946484
268,4445,1,0.032258064516129,0.3529561238647611,231,28141,0.1287346357472327,1557,1,1,0,1,0.85788524
263,1963,0,0.0,0.0,336,230371,0.0211016542235176,928,0,0,0,1,0.6504244
3520,6004,0,0.0,0.0,884,8065,0.3954272863567919,1355,1,1,0,1,0.7675028
2466,3768,0,0.0,0.0,150,6613640,5.261575920609471e-05,1486,0,1,0,1,0.6396828
2919,4064,1,0.032258064516129,0.3235154531486724,156,44308,0.3463547045112509,783,1,1,0,1,0.86157376
2887,4453,0,0.0,0.0,134,737414,0.0082909818593585,492,0,0,0,1,0.5719892
3685,6815,0,0.0,0.0,525,7043,0.413327780091594,391,1,1,0,1,0.707168
3499,4886,0,0.0,0.0,245,1654,0.7967559596951589,133,1,1,0,1,0.54033864
1845,5366,0,0.0,0.0,228,1169642,0.0030250828722688,595,0,1,0,1,0.67680204
1103,6862,0,0.0,0.0,1016,18116458,3.085496911550064e-05,514,0,1,0,1,0.94896644
918,4098,1,0.0333333333333333,0.1808504972527028,168,14423,0.1250834091598346,148,1,0,0,1,0.67889255
403,4080,0,0.0,0.0,352,206842,0.0098231639013087,264,0,0,0,1,0.7219815
160,1063,0,0.0,0.0,160,1826654,0.0138587990768358,452,0,0,0,1,0.6356664
452,5238,0,0.0,0.0,147,794130,0.0054466053584377,968,0,0,0,1,0.52232635
2566,6056,0,0.0,0.0,1640,3150528,0.0008077828786184,723,0,0,0,1,0.88702446
2394,4265,0,0.0,0.0,209,68631,0.0359189751081637,156,1,0,0,1,0.5132409
4201,6900,0,0.0,0.0,200,2275546,0.0016316663485816,251,0,1,0,1,0.68865335
622,2085,0,0.0,0.0,703,290375,0.0045184491914444,800,0,1,0,1,0.8295063
1528,2409,0,0.0,0.0,216,218471,0.074326414222945,276,0,0,0,1,0.5719826
5814,5833,0,0.0,0.0,525,13405,0.0800219614302326,168,1,1,0,1,0.68492305
2168,6068,0,0.0,0.0,208,191995,0.005537023992044,295,1,1,0,1,0.5060489
2014,4276,0,0.0,0.0,308,19780,0.3815657828914338,1031,1,1,0,1,0.5195622
4080,5068,0,0.0,0.0,224,206012,0.0137964709374131,1590,0,1,0,1,0.56286186
2555,4167,1,0.0294117647058823,0.1628124242763987,306,1655615,0.0133890874289293,817,0,0,0,1,0.8621765
3643,6530,0,0.0,0.0,756,376229,0.0237555269549332,211,0,0,0,1,0.83092195
1718,4098,1,0.03125,0.199575491191355,216,200,0.9030067895242954,126,1,1,0,1,0.6645801
3377,4816,0,0.0,0.0,1606,1113433,0.3065885216212915,624,1,0,0,1,0.82461214
291,568,1,0.0476190476190476,0.1737395392099764,96,154370,0.030521886579162,133,1,0,0,1,0.5147594
2381,5117,2,0.0294117647058823,0.3456461733624387,784,1179437,0.002474705314696,486,0,0,0,1,0.96200967
507,1599,0,0.0,0.0,901,1052939,0.0189540120862923,2363,0,1,0,1,0.7720644
343,2179,0,0.0,0.0,1628,10960,0.9613918655196916,590,1,0,0,1,0.8376683
532,1904,0,0.0,0.0,1216,5901,0.5518681652490468,161,1,1,0,1,0.8424983
358,2832,0,0.0,0.0,945,174761,0.2750792281272284,1614,1,1,0,1,0.7493877
2394,5768,1,0.0172413793103448,0.1737395392099764,528,309049,0.0082058753682534,428,0,0,0,1,0.87743145
401,615,1,0.0454545454545454,0.151992980321917,132,149288,0.0703143001264171,1089,0,1,0,1,0.7570377
4240,4938,0,0.0,0.0,198,4582,0.7857977654153249,242,1,1,0,1,0.5005038
1788,6530,0,0.0,0.0,112,371348,0.0364208166400264,392,0,0,0,1,0.52512676
1382,2794,2,0.0289855072463768,0.4946719959418395,1218,570631,0.68008667352505,465,1,1,0,1,0.9542673
449,3997,0,0.0,0.0,400,36562,0.1843208995181112,353,1,1,0,1,0.60288733
2227,7069,0,0.0,0.0,219,1561957,0.002358127524113,1117,0,0,0,1,0.60180724
440,1158,0,0.0,0.0,129,1107294,0.0118925131690375,1021,0,0,0,1,0.51051354
1402,5836,0,0.0,0.0,640,386789,0.0827819909034425,834,1,1,0,1,0.721706
3886,4128,1,0.0172413793103448,0.152948702070391,490,378276,0.029810284201806,2526,1,0,0,1,0.6489105
2934,5648,1,0.0192307692307692,0.3001016285004131,396,34270,0.0343214607754724,980,1,1,0,1,0.8385279
6001,7107,1,0.0172413793103448,0.2969742043733701,688,105709,0.5340444757895642,1776,1,0,0,1,0.8635373
1120,2257,0,0.0,0.0,360,2033,0.5537752414397379,1824,1,1,0,1,0.5106082
1599,4480,0,0.0,0.0,323,15431,0.2414589785183974,942,1,1,0,1,0.5276338
4054,5730,1,0.0208333333333333,0.203862177995734,328,210382,0.0082075022510524,881,0,1,0,1,0.8679434
5501,6236,1,0.0263157894736842,0.1844836349427226,270,9787,0.7895902308982072,450,1,1,0,1,0.6658823
3956,6734,2,0.0625,0.5034235242559342,273,1200,0.80544747081699,415,1,1,0,1,0.95628583
795,6921,0,0.0,0.0,962,754130,0.0055843821906337,448,0,1,0,1,0.86417687
1241,4076,0,0.0,0.0,101,1297066,0.0107115345013004,263,0,0,0,1,0.59601134
2690,2763,1,0.0769230769230769,0.9102392266268372,24,2564,0.6799001248438602,732,1,1,0,1,0.9987263
121,4585,0,0.0,0.0,209,510243,0.0042368085181122,812,0,0,0,1,0.58117545
4191,5249,0,0.0,0.0,222,807387,0.0022269210283382,468,0,1,0,1,0.6839724
681,3840,0,0.0,0.0,266,303750,0.3337953814199637,240,1,1,0,1,0.561033
3223,3401,1,0.0021367521367521,0.168495000422767,1860,20248795,0.0002197672412609,893,0,0,0,1,0.9670408
2144,3285,1,0.0054644808743169,0.152948702070391,183,7858458,0.0029947743376321,2606,0,0,0,1,0.6981284
167,7063,1,0.0833333333333333,0.7213475204444817,30,37769,0.3686225342694689,87,1,1,0,1,0.99468887
4833,6064,0,0.0,0.0,968,53050,0.1312678086005284,1088,1,1,0,1,0.8064777
725,1527,0,0.0,0.0,300,497842,0.0126100753669178,1096,0,0,0,1,0.62180203
4665,5987,0,0.0,0.0,280,120230,0.0296363254830428,249,1,0,0,1,0.54755914
1969,2161,0,0.0,0.0,420,241785,0.0289096042701709,335,0,1,0,1,0.7484766
2555,5125,0,0.0,0.0,187,1670572,0.0044759407013836,372,0,0,0,1,0.6737693
793,6605,1,0.0147058823529411,0.1719066341524622,1100,53013,0.0013186895993067,90,1,1,0,1,0.8934633
2523,4380,0,0.0,0.0,300,1076,0.7528709232887567,257,1,1,0,1,0.56605846
1991,5995,1,0.037037037037037,0.269282508064391,160,688392,0.0251821432364498,870,0,1,0,1,0.88870084
1948,5746,0,0.0,0.0,192,28837,0.0586603120715525,33,1,1,0,1,0.51668185
3867,6299,0,0.0,0.0,2496,913775,0.0170223935266711,1178,0,0,0,1,0.8505764
2018,2439,0,0.0,0.0,243,870118,0.0010481831301067,343,0,0,0,1,0.6912643
3566,5839,0,0.0,0.0,420,8821,0.5984796759069325,720,1,0,0,1,0.54667497
26,5832,1,0.0098039215686274,0.152948702070391,1092,336003,0.0346572201823791,740,0,1,0,1,0.9078694
672,6145,0,0.0,0.0,228,250067,0.038566232727664,442,0,0,0,1,0.6089875
2212,5897,0,0.0,0.0,108,1132373,0.0210415384296177,357,0,1,0,1,0.5685901
744,6569,1,0.0222222222222222,0.2275598066567093,525,18430,0.129428436466692,1086,1,1,0,1,0.7860907
4555,5027,1,0.0178571428571428,0.3529561238647611,630,441401,0.2052070166340751,810,0,0,0,1,0.9048972
1238,5949,0,0.0,0.0,320,19737,0.2819253438113846,1022,1,1,0,1,0.5231218
1869,6972,0,0.0,0.0,896,480450,0.0159230189421248,1417,0,1,0,1,0.7620363
3595,6596,0,0.0,0.0,286,7446,0.3734960033655554,271,1,1,0,1,0.5704301
463,3760,0,0.0,0.0,73,4366472,0.00024727810911,1256,0,0,0,1,0.57008135
2195,3050,0,0.0,0.0,276,57900,0.2579206398031342,660,1,1,0,1,0.5190518
466,7121,0,0.0,0.0,205,827725,0.0072263868065966,132,0,1,0,1,0.65411526
546,5165,0,0.0,0.0,250,91554,0.2165698296295644,300,1,1,0,1,0.52448034
1481,3800,0,0.0,0.0,448,312975,0.2612450785078313,122,0,1,0,1,0.69395196
1086,1682,0,0.0,0.0,256,803646,0.0062261880766334,2237,0,1,0,1,0.54330903
2375,6564,0,0.0,0.0,378,231684,0.0250056811965019,785,0,1,0,1,0.71808004
2877,4700,0,0.0,0.0,292,1036883,0.0010876560193909,1013,0,0,0,1,0.6518569
2605,6357,0,0.0,0.0,2744,17866,0.9832385305522008,883,1,1,0,1,0.9104117
448,2400,0,0.0,0.0,396,3317,0.9418814500726974,531,1,0,0,1,0.52859753
987,4253,0,0.0,0.0,306,790194,0.0161339323067115,524,0,0,0,1,0.696172
166,755,0,0.0,0.0,1056,20510651,0.0002868905215339,478,0,0,0,1,0.94253397
2450,4824,0,0.0,0.0,119,5613,0.2888635499809592,113,0,1,0,1,0.5602619
1924,4489,0,0.0,0.0,948,15813634,6.544556828853009e-05,441,0,0,0,1,0.93184525
3023,6434,1,0.0625,0.2282049114186687,72,4754,0.6609613464555226,469,1,1,0,1,0.5665156
2026,3272,0,0.0,0.0,927,1014268,0.0388827453020512,274,0,0,0,1,0.8464829
2954,4242,0,0.0,0.0,1118,14011,0.3706881063600264,294,1,1,0,1,0.8377548
3784,4442,0,0.0,0.0,344,362572,0.0068098767867023,158,1,0,0,1,0.60813826
1542,3742,0,0.0,0.0,429,98343,0.0575749154296551,652,1,0,0,1,0.5695086
2604,5296,0,0.0,0.0,96,4540407,0.0020785236657623,93,0,1,0,1,0.5354428
3268,4290,0,0.0,0.0,804,390885,0.0166167702332133,856,1,1,0,1,0.78384346
2586,4131,2,0.0238095238095238,0.5734502698815852,1173,3771150,0.0021815660972192,1117,0,1,0,1,0.97760564
199,4949,0,0.0,0.0,1382,46673223,0.0002077847610356,1162,0,1,0,1,0.96600056
1409,6056,0,0.0,0.0,164,3039334,0.0360730398103438,414,0,1,0,1,0.65958333
3124,4444,1,0.0098039215686274,0.1913602136571693,1092,965680,0.0075659632369414,798,0,0,0,1,0.9197283
3240,5859,0,0.0,0.0,231,27630,0.0621817934967055,95,1,1,0,1,0.5368369
2310,2632,0,0.0,0.0,252,27388,0.061829890727227,722,1,1,0,1,0.50683117
368,4417,1,0.0133333333333333,0.1719066341524622,544,3914315,0.0050498426356482,387,0,1,0,1,0.92249584
2507,5530,2,0.04,0.3439504921879516,660,17861,0.1346414728682105,2137,1,0,0,1,0.8960545
190,4702,0,0.0,0.0,684,34649,0.3883131785682692,166,1,1,0,1,0.7565761
2557,7119,2,0.0555555555555555,0.4634257867661203,345,11336,0.1709814246014208,323,1,0,0,1,0.96514946
710,7003,0,0.0,0.0,510,1267284,0.1089013253792296,800,1,0,0,1,0.60233307
3046,5312,0,0.0,0.0,406,122409,0.0265376234631715,58,1,1,0,1,0.65838933
3031,4144,1,0.0181818181818181,0.152948702070391,528,122239,0.0625699780671477,143,0,1,0,1,0.8763164
736,2126,1,0.0344827586206896,0.151992980321917,216,5732,0.1470238095237876,644,1,1,0,1,0.62467766
792,5419,4,0.0228571428571428,0.7943513987752872,4818,460694,0.1257664113069267,43,0,1,0,1,0.9687158
3722,4329,0,0.0,0.0,170,570106,0.0441119019474693,641,0,1,0,1,0.5743863
5730,6117,0,0.0,0.0,287,198132,0.0659570155051547,1129,0,0,0,1,0.55487525
560,5839,0,0.0,0.0,495,13267,0.3961036005279987,450,1,1,0,1,0.68565875
2061,6025,0,0.0,0.0,540,793223,0.0026755482799418,1403,0,0,0,1,0.74493885
86,1527,0,0.0,0.0,200,500845,0.006654105513685,1176,0,0,0,1,0.53966856
1666,1804,1,0.0131578947368421,0.294014103795206,1426,14739,0.4249990246947128,366,1,1,0,1,0.9363151
6026,6397,0,0.0,0.0,1060,21797,0.2844762498768905,1418,0,1,0,1,0.7188638
452,4625,0,0.0,0.0,273,797988,0.0006149191149673,901,0,1,0,1,0.64921576
1761,3482,2,0.0571428571428571,0.321443702493158,210,9514,0.1576803895528855,910,1,1,0,1,0.720969
430,665,0,0.0,0.0,2304,14633,0.7333248286922158,1071,1,1,0,1,0.914843
1477,5315,1,0.0123456790123456,0.1719066341524622,592,8632,0.6699296420923574,274,1,1,0,1,0.77937543
1158,6352,0,0.0,0.0,1075,1117446,0.0028332504923609,206,0,1,0,1,0.879149
4611,6757,0,0.0,0.0,250,511464,0.0062485427838656,236,0,0,0,1,0.6831419
6077,6345,0,0.0,0.0,1121,670790,0.0090161960605294,2270,0,0,0,1,0.77855414
3725,4012,0,0.0,0.0,276,11439,0.2533777168591963,698,1,1,0,1,0.51542187
2272,2722,0,0.0,0.0,150,800883,0.0032185435903563,8,0,0,0,1,0.6088239
2345,4533,0,0.0,0.0,1169,6244,0.5131384015594141,618,1,1,0,1,0.8383296
4621,6273,1,0.0238095238095238,0.2495425146292118,120,44127,0.0258725358175671,320,1,1,0,1,0.7103545
1867,1883,0,0.0,0.0,302,32614536,0.0507076047305035,226,1,1,0,1,0.6706369
726,4089,0,0.0,0.0,264,34110,0.0375282167042878,432,1,1,0,1,0.52544487
2963,5130,0,0.0,0.0,369,20340,0.332217078695941,664,1,0,0,1,0.5246454
4660,6299,1,0.0263157894736842,0.1705427865520547,360,15352,0.5075699255837661,708,1,1,0,1,0.71917975
5614,6716,0,0.0,0.0,1085,963764,0.0080864863974739,5,0,0,0,1,0.8805257
2918,3706,0,0.0,0.0,199,74192902,0.0001175176467166,12,0,0,0,1,0.5618781
3275,6354,0,0.0,0.0,322,17543,0.024087672452157,1496,1,1,0,1,0.50901544
1158,1614,0,0.0,0.0,129,1117600,0.0026958266889519,1024,0,1,0,1,0.51133096
1170,1226,0,0.0,0.0,483,52036,0.4183192112499673,365,0,0,0,1,0.627117
1364,2474,0,0.0,0.0,304,24213,0.2241163841445757,350,1,1,0,1,0.5550586
150,3230,0,0.0,0.0,322,928508,0.0082723366440481,1657,0,1,0,1,0.62973934
2809,5312,1,0.0144927536231884,0.1628124242763987,696,115150,0.0842651058482966,405,1,1,0,1,0.8149726
812,5079,0,0.0,0.0,374,158568,0.0413870651819069,944,1,1,0,1,0.57744306
1483,1577,0,0.0,0.0,252,2876819,0.0005430134012789,910,0,1,0,1,0.6911887
6174,6921,0,0.0,0.0,370,750142,0.0108430636962412,304,0,0,0,1,0.7375489
4345,6808,0,0.0,0.0,225,204804,0.0075642671964722,15,0,0,0,1,0.6348089
1673,5763,0,0.0,0.0,240,353830,0.010755514053182,340,0,0,0,1,0.6651973
900,1345,0,0.0,0.0,224,11034,0.5377461248428765,146,1,1,0,1,0.55690753
5043,5217,1,0.0238095238095238,0.241363138309275,222,35475732,0.0001802034072028,1257,0,0,0,1,0.93740505
2552,6986,1,0.0277777777777777,0.152948702070391,312,1441782,0.0033140325845306,80,0,0,0,1,0.82570857
3329,4863,0,0.0,0.0,280,2606886,0.002200078541426,679,0,0,0,1,0.7310063
1774,5969,1,0.0076923076923076,0.2422988705246811,2484,2797923,0.0028049111249475,1132,0,0,0,1,0.93763
2460,5979,0,0.0,0.0,483,723520,0.0025627982061791,1399,0,1,0,1,0.70203716
4143,4561,1,0.0217391304347826,0.333808200695334,552,141779,0.166437373594844,2330,1,0,0,1,0.86754864
260,2009,1,0.0175438596491228,0.1719066341524622,112,26148,0.0401585786652947,164,1,0,0,1,0.6048079
2963,3047,0,0.0,0.0,1353,72746,0.295131049852233,470,1,1,0,1,0.8746982
4299,6689,0,0.0,0.0,360,1363,0.8442107669446972,747,1,1,0,1,0.532839
2161,2466,1,0.0056497175141242,0.2642573699364454,4200,6606790,0.0010882995251881,186,0,1,0,1,0.96741253
2860,2904,0,0.0,0.0,106,418607,0.0012525886832787,267,0,0,0,1,0.5794704
2651,6968,1,0.0344827586206896,0.2006578921466335,81,4275,0.096194503171227,922,1,0,0,1,0.5120607
219,2362,0,0.0,0.0,330,6372,0.500900759771246,498,1,1,0,1,0.5801586
2059,6851,1,0.0434782608695652,0.203862177995734,108,25630,0.1146499015509995,1078,1,0,0,1,0.5511311
676,3501,0,0.0,0.0,230,24981,0.2543430242970493,23,1,1,0,1,0.5507828
2375,5355,1,0.0416666666666666,0.1805923124338364,154,232650,0.0209404694772456,1016,0,0,0,1,0.82248515
582,5654,1,0.0188679245283018,0.1705427865520547,405,120470,0.1331160186804242,425,1,1,0,1,0.7352005
4633,7032,1,0.0769230769230769,0.2369944718369138,48,5012,0.3276093372685366,446,1,1,0,1,0.6301802
2599,3601,0,0.0,0.0,240,18580,0.1710168205951826,39,1,1,0,1,0.5446223
2009,4875,1,0.0163934426229508,0.2162174871877535,336,22897,0.1594963659055811,472,1,1,0,1,0.7414292
3489,5631,1,0.0333333333333333,0.3789231816899512,238,12036,0.245202558635379,375,1,1,0,1,0.9352153
420,1883,0,0.0,0.0,302,34354765,5.576790144542775e-05,121,0,1,0,1,0.86484456
5091,6649,1,0.0344827586206896,0.199575491191355,225,4054,0.7178648479364801,1651,1,1,0,1,0.68708533
2213,7031,0,0.0,0.0,270,1284586,0.0088812797190333,822,0,0,0,1,0.65637875
1229,5260,1,0.0169491525423728,0.333808200695334,171,525498,0.0036913801439012,784,0,1,0,1,0.90049237
614,5038,1,0.0232558139534883,0.3606737602222408,363,22746,0.627169761838407,540,1,0,0,1,0.924013
2960,4602,0,0.0,0.0,864,45468,0.0029603315571343,956,1,0,0,1,0.7003621
2778,4611,6,0.0967741935483871,2.0863504449228865,900,128594,0.750147664568274,135,1,0,0,1,0.9996724
2904,7015,0,0.0,0.0,424,417452,0.004008283786492,1249,0,1,0,1,0.6932513
5133,5759,1,0.0277777777777777,0.203252820503909,286,33019,0.1392335766423321,759,1,0,0,1,0.81380886
4352,5304,0,0.0,0.0,105,128700,0.2415670744643221,80,0,1,0,1,0.55185074
4230,4335,1,0.0128205128205128,0.294014103795206,1254,39793,0.5001004999874312,92,1,1,0,1,0.9173246
2047,6436,0,0.0,0.0,247,16065,0.5748537856934773,445,1,1,0,1,0.5239954
120,2669,1,0.0192307692307692,0.2006578921466335,682,21279,0.4687819856704079,414,1,1,0,1,0.841682
2887,4261,0,0.0,0.0,402,728965,0.0196535943053797,432,0,1,0,1,0.7558259
4161,4895,1,0.0140845070422535,0.151992980321917,855,56420,0.4242093338912261,168,1,1,0,1,0.84669286
6150,7107,0,0.0,0.0,512,225641,0.0053952791307605,1183,1,0,0,1,0.5778859
5354,5820,0,0.0,0.0,108,1917387,0.0004681264775567,464,0,1,0,1,0.58982885
2426,3696,1,0.0263157894736842,0.151992980321917,290,12092,0.2257155663699669,346,1,1,0,1,0.67898095
581,1548,0,0.0,0.0,1008,19352068,0.0015966555462782,750,0,0,0,1,0.929894
2894,4315,0,0.0,0.0,240,20559,0.4295504994450491,605,1,1,0,1,0.51121116
3319,4961,1,0.03125,0.2216872413240309,270,78079,0.1467894920884676,606,0,1,0,1,0.8418611
2762,3124,2,0.0909090909090909,0.370609198114901,144,8252,0.471499935954882,730,1,1,0,1,0.7236524
1777,3022,0,0.0,0.0,198,96275,0.5697456684080899,1082,0,1,0,1,0.53695583
1639,5387,0,0.0,0.0,448,3217,0.7173855749801706,867,1,1,0,1,0.59255517
252,4479,0,0.0,0.0,423,121798,0.0274909973570953,453,1,1,0,1,0.623281
1591,6838,0,0.0,0.0,868,369890,0.2578599947834107,603,1,1,0,1,0.7930726
675,2308,0,0.0,0.0,300,108244,0.0104400928820871,411,1,0,0,1,0.54880863
1915,5946,0,0.0,0.0,342,54313,0.052129144851657,687,1,0,0,1,0.52188975
4949,6094,1,0.0014347202295552,0.203252820503909,4837,46672864,0.0002154749393048,1693,0,0,0,1,0.9802163
2088,2421,1,0.024390243902439,0.1783866051947039,152,87393,0.0656153105955301,191,1,1,0,1,0.54016656
677,4439,0,0.0,0.0,444,66303,0.1407632994233118,736,1,1,0,1,0.60875666
58,6202,0,0.0,0.0,252,63690,0.3271922504040614,1052,0,1,0,1,0.5748616
932,4820,0,0.0,0.0,913,47601,0.0818948058711192,878,1,1,0,1,0.8020018
839,2201,0,0.0,0.0,1020,31399692,0.0005540931530917,11,0,1,0,1,0.9458395
5789,5846,0,0.0,0.0,330,141104,0.0138724849569148,124,0,1,0,1,0.7022925
2719,6973,0,0.0,0.0,364,214663,0.0048398985661104,924,0,1,0,1,0.69714725
24,2494,0,0.0,0.0,122,833967,0.0187803922445286,534,0,0,0,1,0.5452807
3121,3925,0,0.0,0.0,438,5778294,3.616853707612507e-05,691,0,1,0,1,0.843686
1481,1966,4,0.054054054054054,0.9801487671400702,1232,99930,0.0971023789947315,639,1,1,0,1,0.98350453
1524,1682,0,0.0,0.0,304,3264,0.6066996023616572,46,1,1,0,1,0.6099658
3861,6357,0,0.0,0.0,196,1044787,0.0030953282870449,221,0,1,0,1,0.66978675
24,3884,0,0.0,0.0,976,845035,0.0057581280318708,420,0,0,0,1,0.86346906
879,5396,0,0.0,0.0,700,42962,0.3014990407439876,17,1,1,0,1,0.7491061
1236,6438,0,0.0,0.0,260,2032927,0.0081270150430526,803,0,1,0,1,0.6864098
186,5825,0,0.0,0.0,342,2499065,0.0487192302553469,536,0,0,0,1,0.72179013
1993,3097,0,0.0,0.0,704,627548,0.0242162451292289,558,0,0,0,1,0.82713836
2011,4232,1,0.0333333333333333,0.1837418686306834,238,9931,0.1787811130405872,3,1,0,0,1,0.7952834
2999,5969,0,0.0,0.0,324,2802864,0.0010439116499328,1056,0,0,0,1,0.73469806
552,2857,0,0.0,0.0,400,8288,0.2055976229272303,285,1,0,0,1,0.550302
1761,4793,1,0.0303030303030303,0.152948702070391,189,2684,0.7623727312969666,1200,1,0,0,1,0.5160458
2674,4242,0,0.0,0.0,516,924,0.8993135011440667,232,1,0,0,1,0.5782673
1552,7120,2,0.064516129032258,0.6256623998654733,200,14559,0.6382407752515682,704,1,1,0,1,0.97968
3398,3412,1,0.0666666666666666,0.3069276764301348,15,4909,0.684774930970225,284,1,0,0,1,0.6909043
1883,4004,0,0.0,0.0,9060,33311671,0.0304165003598572,688,1,0,0,1,0.90155655
4630,7090,1,0.032258064516129,0.1705427865520547,231,40148,0.1353935608915659,177,1,0,0,1,0.73312765
1174,5228,1,0.0163934426229508,0.2462785458144944,285,1127128,0.0104031951479265,2310,0,1,0,1,0.7526227
2490,5647,2,0.0952380952380952,0.3585118861038316,90,19438,0.1013407304669393,83,1,0,0,1,0.60155386
2683,5162,0,0.0,0.0,513,10433,0.1873344757750282,357,1,1,0,1,0.66799396
3456,5768,1,0.02,0.151992980321917,144,304771,0.0219347509354761,479,0,0,0,1,0.73464817
675,5831,0,0.0,0.0,900,91133,0.1668677892966177,1217,1,1,0,1,0.775849
6467,7025,0,0.0,0.0,78,4185690,0.0018493148234923,1552,0,1,0,1,0.52112186
2297,2376,0,0.0,0.0,125,1774088,0.0030620324275359,1186,0,1,0,1,0.51767015
4486,5024,0,0.0,0.0,357,199238,0.1267351294964338,154,0,0,0,1,0.6135472
4833,5070,0,0.0,0.0,220,3074,0.7228133453561115,229,1,1,0,1,0.527011
2888,3440,0,0.0,0.0,483,24936,0.2532343076185837,608,1,0,0,1,0.58313745
5835,6806,0,0.0,0.0,132,1378005,0.0751532568849824,435,0,1,0,1,0.58784777
3288,5428,2,0.0155038759689922,0.3585118861038316,1098,24313198,0.0001160551767929,2429,0,0,0,1,0.9748891
1773,2483,1,0.0013850415512465,0.4024296043818446,2160,89503914,3.2388595938501355e-05,2413,0,1,0,1,0.9858839
1471,2439,1,0.0117647058823529,0.152948702070391,405,869916,0.0012800922125618,12,0,1,0,1,0.84378564
86,5404,1,0.025,0.3459762562611936,264,2269,0.3236959761548961,674,1,1,0,1,0.8829797
2669,5766,1,0.0263157894736842,0.2338269979864766,248,23683,0.4422411153764527,596,1,1,0,1,0.771783
17,5979,0,0.0,0.0,414,723785,0.0021974719422536,903,0,0,0,1,0.74025536
932,3223,0,0.0,0.0,332,47396,0.0858487472756362,676,1,0,0,1,0.50795823
3616,4977,1,0.0285714285714285,0.1719066341524622,323,17198,0.1428856217293724,1981,1,1,0,1,0.5900375
304,6467,0,0.0,0.0,624,4188824,0.0011019579367322,1533,0,0,0,1,0.83088005
535,4895,0,0.0,0.0,285,88665,0.0951350689377152,270,1,1,0,1,0.5378944
3945,4611,0,0.0,0.0,150,506335,0.0162139581876116,1616,0,1,0,1,0.5212314
1041,2175,2,0.0526315789473684,0.4415914674206324,336,52551,0.4310014400640944,613,1,0,0,1,0.95378906
2413,6357,0,0.0,0.0,392,1022168,0.024677705144218,318,0,1,0,1,0.74716824
2752,4639,0,0.0,0.0,115,1718767,0.0005320751162133,404,0,0,0,1,0.6209994
1707,5354,0,0.0,0.0,162,1872816,0.0237029429933508,23,0,1,0,1,0.5765882
570,2987,0,0.0,0.0,518,23229,0.2608114558472471,65,1,1,0,1,0.6875425
2321,2440,0,0.0,0.0,988,206471,0.2608242698495655,40,0,0,0,1,0.7302096
4374,6475,6,0.046875,1.8317356771566764,3264,718145,0.2248103435620434,207,1,0,0,1,0.99625623
5977,6050,1,0.0454545454545454,0.2041716431823724,130,4219,0.3725461035097601,971,1,0,0,1,0.62612563
2165,6475,0,0.0,0.0,256,204664,0.0172999082907997,640,0,0,0,1,0.62039363
2381,6708,2,0.032258064516129,0.3941382557682726,448,1181152,0.0010242201422067,404,0,0,0,1,0.9468981
5754,6791,0,0.0,0.0,96,342357,0.0046112291862314,74,0,0,0,1,0.54859626
3516,4213,0,0.0,0.0,125,699576,0.0009896197032854,224,0,0,0,1,0.61354876
5693,5946,0,0.0,0.0,378,53827,0.060610820244327,748,1,0,0,1,0.5360646
430,5202,0,0.0,0.0,792,45683,0.1674624580842658,783,1,1,0,1,0.7667378
744,4114,2,0.0476190476190476,0.4342151161331193,475,7398,0.6505432215398842,364,1,1,0,1,0.9374593
2181,3119,0,0.0,0.0,224,470904,0.0055560834996357,891,0,1,0,1,0.59698373
974,4948,0,0.0,0.0,152,198874,0.0347983925763427,575,0,1,0,1,0.56605357
1135,7043,0,0.0,0.0,41,2658056,0.0023978727277162,260,0,0,0,1,0.5245055
552,5073,2,0.064516129032258,0.4131889908268202,260,646,0.698834498834173,1412,1,0,0,1,0.9174463
3991,6803,0,0.0,0.0,600,2398,0.7500260606691598,258,1,1,0,1,0.70582587
631,890,0,0.0,0.0,312,6090,0.4004135079255291,802,1,1,0,1,0.53987944
1961,4230,1,0.0112359550561797,0.1719066341524622,1881,15278,0.616217438267713,554,1,1,0,1,0.91261566
4001,4038,0,0.0,0.0,444,61890,0.4237000893921295,213,1,1,0,1,0.68153375
2781,3794,0,0.0,0.0,484,18052978,0.0001757849623773,170,0,1,0,1,0.8731552
1773,1862,1,0.0013831258644536,0.4551196133134186,2880,89504143,2.9830131478371373e-05,934,0,1,0,1,0.9937343
399,6605,0,0.0,0.0,1400,95339,0.0007336834051294,56,1,1,0,1,0.87076944
2490,5238,2,0.0869565217391304,0.3585118861038316,126,2157,0.5040239135432274,155,1,0,0,1,0.67018706
1822,5132,0,0.0,0.0,525,22803,0.584712888597487,709,1,0,0,1,0.59438014
9,6019,1,0.025,0.151992980321917,348,73308,0.0295729527944715,716,1,1,0,1,0.7072465
24,2660,0,0.0,0.0,244,848292,0.0019260432341995,997,0,0,0,1,0.6060843
326,4792,1,0.0666666666666666,0.203252820503909,48,111722,0.028960314287204,2272,1,0,0,1,0.508896
1051,6611,0,0.0,0.0,387,21054,0.3762701821952192,974,1,0,0,1,0.5253079
26,1485,0,0.0,0.0,364,347194,0.0025052719886458,638,0,0,0,1,0.7227491
326,932,0,0.0,0.0,996,63207,0.4506318772054822,1649,1,1,0,1,0.7733169
2505,5554,0,0.0,0.0,585,98627,0.2746734717891372,918,1,0,0,1,0.61742926
4406,5080,0,0.0,0.0,910,28673179,0.0002581886059223,980,0,0,0,1,0.92207605
996,5863,0,0.0,0.0,340,26521,0.3187516054456635,337,1,0,0,1,0.5131576
1591,6320,0,0.0,0.0,651,496936,0.0029574045464577,710,1,1,0,1,0.74514836
6136,6949,1,0.0026385224274406,0.4808983469629878,756,178499951,3.3221187269883052e-06,1213,0,1,0,1,0.94742244
430,3812,0,0.0,0.0,360,47001,0.1434429217087013,172,1,1,0,1,0.5942257
2376,3381,0,0.0,0.0,125,1777557,0.0011126489643092,4,0,0,0,1,0.59513277
665,2591,0,0.0,0.0,864,25140,0.3752329829270018,603,1,1,0,1,0.79648155
3471,5404,0,0.0,0.0,297,17326,0.0589832717792711,206,1,1,0,1,0.57145274
1774,6798,1,0.032258064516129,0.151992980321917,207,7019,0.1081321473951578,1442,1,1,0,1,0.50808144
1883,4824,0,0.0,0.0,1057,34354401,6.636263846324388e-05,410,0,0,0,1,0.95027965
3855,5827,2,0.0625,0.3439504921879516,240,2269,0.6625520523496932,19,1,0,0,1,0.83101684
3373,4669,0,0.0,0.0,98,130144,0.1524986650343174,19,0,1,0,1,0.52479845
923,1768,1,0.1,0.3001016285004131,30,180,0.90556138509921,50,1,1,0,1,0.842082
710,1721,0,0.0,0.0,1326,115775,0.2524616626311525,276,0,1,0,1,0.76589084
4387,6026,0,0.0,0.0,424,1391,0.8616883762552588,443,1,1,0,1,0.58314264
909,5193,0,0.0,0.0,120,451372,0.0068735478420051,281,0,1,0,1,0.574907
1639,5863,0,0.0,0.0,238,4243,0.6580707550970539,420,1,1,0,1,0.51104486
487,6144,1,0.032258064516129,0.151992980321917,255,4709,0.2566692975532349,659,1,1,0,1,0.6746734
178,5321,1,0.01,0.4808983469629878,1738,1692410,0.0259493973227004,585,0,1,0,1,0.96144617
4855,6136,0,0.0,0.0,2268,178481909,0.00010439744094,1238,0,1,0,1,0.9860141
737,4833,6,0.0789473684210526,1.6649484018984362,1672,6772,0.1551896207584636,706,1,0,0,1,0.9983804
2865,4444,0,0.0,0.0,546,966046,0.0071898232553168,1743,0,1,0,1,0.6933928
880,5073,1,0.0476190476190476,0.1808504972527028,117,460378,0.0032454527937091,845,1,0,0,1,0.54749
5079,5328,0,0.0,0.0,726,2164193,0.0710051094454987,450,0,0,0,1,0.82083756
5269,6451,1,0.0067114093959731,0.1628124242763987,441,16344653,0.0001030200221615,102,0,0,0,1,0.93363535
1011,1277,1,0.0416666666666666,0.151992980321917,150,9447,0.2446629887262937,228,1,0,0,1,0.52426016
2389,7069,0,0.0,0.0,803,1549982,0.0100067128711479,538,0,0,0,1,0.85339534
2928,3447,0,0.0,0.0,465,516697,0.000547409957832,1189,0,0,0,1,0.73388827
1568,3096,0,0.0,0.0,325,37572,0.1255614774128953,443,1,0,0,1,0.5061558
1214,4782,0,0.0,0.0,350,7452,0.1546228020419563,240,1,0,0,1,0.52708787
4001,6020,0,0.0,0.0,444,24908,0.4525954903081084,478,1,1,0,1,0.65641993
3097,4071,0,0.0,0.0,832,457004,0.2893976570541821,942,1,1,0,1,0.7827612
1825,7043,0,0.0,0.0,123,2438365,0.0848506912321327,487,0,0,0,1,0.54233766
1983,3349,0,0.0,0.0,221,11360700,0.0002312702757502,168,1,0,0,1,0.61633617
2732,6394,0,0.0,0.0,1390,3707633,0.0068759487242262,1240,0,1,0,1,0.86995435
3860,5448,0,0.0,0.0,81,5350811,0.0004866051881639,1547,0,1,0,1,0.54723394
24,2272,0,0.0,0.0,610,847343,0.0030426070883567,18,0,0,0,1,0.8064728
507,5788,0,0.0,0.0,424,1067048,0.0058083523249248,1830,0,0,0,1,0.64092904
3001,4377,0,0.0,0.0,144,57382,0.0076953672160062,38,1,1,0,1,0.50145656
1964,4937,0,0.0,0.0,210,89286,0.1486111508424621,33,1,1,0,1,0.5205104
2661,6165,0,0.0,0.0,322,57988,0.2815175507068569,144,1,0,0,1,0.50999063
1208,2011,1,0.0434782608695652,0.2181040551873126,140,3897,0.3568245585079457,1037,1,1,0,1,0.7011475
711,3285,0,0.0,0.0,183,7880210,0.0002350907370316,1396,0,0,0,1,0.7008269
380,6026,0,0.0,0.0,636,820,0.9135568205775972,1932,1,1,0,1,0.62925524
4201,4511,1,0.0238095238095238,0.2769378934088574,120,2265783,0.0059150647248126,774,0,1,0,1,0.8875363
2781,6867,0,0.0,0.0,2178,18040356,0.0008748264857318,2380,0,1,0,1,0.9017194
3268,4963,0,0.0,0.0,871,368388,0.0732144204885655,1202,1,1,0,1,0.7716066
1704,5002,0,0.0,0.0,175,43973,0.0274902689313511,50,1,1,0,1,0.5133854
2426,6118,1,0.0188679245283018,0.1982779513559716,725,27648,0.3609615162371348,1686,1,0,0,1,0.7799635
2348,4305,0,0.0,0.0,405,106265,0.0252795333009234,1156,1,0,0,1,0.52901316
4127,4244,0,0.0,0.0,195,7267,0.2919914263444766,158,1,1,0,1,0.50498974
190,676,0,0.0,0.0,276,11506,0.6565578174437152,147,1,1,0,1,0.58189404
210,1591,0,0.0,0.0,248,495443,0.0059529303184125,402,1,0,0,1,0.5324873
147,4900,0,0.0,0.0,86,489793,0.0024826277158195,307,0,1,0,1,0.5132456
1041,3440,0,0.0,0.0,588,83901,0.0915577595634322,507,1,0,0,1,0.6325898
2924,3026,2,0.048780487804878,0.304941682392308,420,1228,0.537824614226369,199,1,0,0,1,0.88719577
2735,5315,0,0.0,0.0,592,23847,0.0881385744876075,785,1,1,0,1,0.6962402
3621,6705,0,0.0,0.0,425,8577,0.197436137363133,108,1,1,0,1,0.6386698
2362,6659,0,0.0,0.0,297,19619,0.3942135490643983,217,1,1,0,1,0.58997166
2303,2899,0,0.0,0.0,621,238407,0.021209247330369,595,1,1,0,1,0.7285684
4314,5711,0,0.0,0.0,60,4232070,0.0002919703891001,921,0,0,0,1,0.5757473
1119,5301,0,0.0,0.0,714,333901,0.0267802232073892,1566,0,0,0,1,0.7403719
1442,5040,0,0.0,0.0,448,1588524,0.112419568603874,511,1,0,0,1,0.59499305
1120,4937,0,0.0,0.0,315,100315,0.0434438500634108,932,1,1,0,1,0.5409416
2014,6565,0,0.0,0.0,528,5901,0.5164700098327993,356,1,1,0,1,0.7049045
2300,6530,0,0.0,0.0,392,383836,0.0040167728810744,1016,0,0,0,1,0.70309085
1842,7029,0,0.0,0.0,154,206072,0.0211658306733545,243,0,0,0,1,0.5879589
779,2394,4,0.1052631578947368,0.6979947731729145,341,2112,0.1740320688305928,1323,1,1,0,1,0.86588615
4626,5354,0,0.0,0.0,162,1917888,0.0002069556921938,680,0,1,0,1,0.63099724
3814,4639,1,0.0084033613445378,0.1719066341524622,575,1712312,0.0042856760726692,788,0,1,0,1,0.91462356
4004,5563,0,0.0,0.0,300,1040923,0.003910967359164,606,0,1,0,1,0.72450936
5674,6214,0,0.0,0.0,390,58855,0.0139559040343115,1208,1,0,0,1,0.5176144
493,3188,0,0.0,0.0,177,1454539,0.0005654950452189,362,0,0,0,1,0.66624635
1607,5813,0,0.0,0.0,230,9615,0.7022297925053979,619,0,0,0,1,0.5438555
2279,4620,0,0.0,0.0,352,8858,0.1841208436952948,587,1,0,0,1,0.50673676
1947,3651,1,0.0285714285714285,0.1985327397206032,320,20361,0.1096681096681048,3,1,0,0,1,0.86159253
2387,6606,0,0.0,0.0,500,4213,0.7868562177476076,1584,1,1,0,1,0.6091507
1472,1857,0,0.0,0.0,748,2212799,0.0046398880129404,1063,0,1,0,1,0.83719856
541,3864,0,0.0,0.0,145,17037,0.3981559983043521,44,1,1,0,1,0.5024651
491,2002,1,0.02,0.2157623460917782,344,6376,0.5812701123004806,603,1,1,0,1,0.73010665
2779,4538,0,0.0,0.0,2635,1182479,0.0735268423431999,228,0,0,0,1,0.88702035
2332,2833,1,0.03125,0.151992980321917,272,946,0.9302411326597648,1497,1,1,0,1,0.5870561
2732,4522,0,0.0,0.0,556,3732731,0.0001532155305904,1342,0,1,0,1,0.8048274
5349,6529,0,0.0,0.0,312,2119,0.8157070794920146,870,1,1,0,1,0.5041614
932,5197,0,0.0,0.0,498,50082,0.0340424711169395,354,1,0,0,1,0.6493911
748,6876,0,0.0,0.0,504,12303,0.2054378713510588,253,1,1,0,1,0.6710036
1631,3418,1,0.0384615384615384,0.3459762562611936,92,39694,0.16596978547265,857,1,1,0,1,0.8942106
3976,7053,1,0.0222222222222222,0.2171472409516258,429,4115,0.5902210714996424,514,1,0,0,1,0.83634293
4196,4647,0,0.0,0.0,1155,714267,0.004225579884511,1289,0,1,0,1,0.81314665
6080,6280,0,0.0,0.0,407,7862443,0.0008386027168237,289,0,0,0,1,0.8294664
1142,5323,0,0.0,0.0,192,2149838,0.0013243901000098,386,0,1,0,1,0.6882315
2808,7063,0,0.0,0.0,340,15647,0.2904176681329513,166,1,1,0,1,0.61653906
4524,5553,1,0.037037037037037,0.151992980321917,180,34567,0.0351151430565237,38,1,0,0,1,0.67327315
622,3812,1,0.0434782608695652,0.3789231816899512,95,6553,0.1674501334010713,742,1,1,0,1,0.93224674
1449,3692,0,0.0,0.0,444,416217,0.6556179882193393,366,1,1,0,1,0.6487
34,1003,1,0.0476190476190476,0.2338269979864766,121,18129,0.6761521972132785,1562,1,1,0,1,0.7214985
2740,6850,0,0.0,0.0,579,13480480,0.0001063647194307,2075,0,0,0,1,0.8290299
2320,2799,0,0.0,0.0,252,150476,0.0201854456425481,486,1,1,0,1,0.52174556
4196,4431,0,0.0,0.0,693,715548,0.0024397112497176,1805,0,0,0,1,0.7500647
6116,6752,1,0.0357142857142857,0.2422988705246811,204,10759,0.190748401654743,1496,1,1,0,1,0.72915924
956,6776,0,0.0,0.0,134,2044928,0.0045272481925083,51,0,1,0,1,0.5520278
6705,6914,0,0.0,0.0,459,39843,0.0502943770409732,133,1,0,0,1,0.63812965
6019,6924,2,0.0606060606060606,0.3513041673644204,174,74878,0.0087898122898518,1015,1,1,0,1,0.74730617
3301,5389,0,0.0,0.0,68,19381229,1.4291975040536066e-05,369,0,0,0,1,0.7335852
2799,3244,0,0.0,0.0,294,149611,0.0258178361202269,834,1,1,0,1,0.5380918
5502,6280,0,0.0,0.0,296,7863422,0.0007141911302544,180,0,1,0,1,0.7897627
2858,5953,0,0.0,0.0,216,2256828,0.003041903703383,1401,0,0,0,1,0.5776407
5233,5269,1,0.0062893081761006,0.3459762562611936,1911,16334603,0.0007178366627336,1120,0,1,0,1,0.9717382
3438,6410,0,0.0,0.0,140,413987,0.0193181441315954,605,0,1,0,1,0.5616437
888,2872,1,0.0138888888888888,0.2462785458144944,682,17193,0.4514039566049632,670,1,1,0,1,0.8457694
5315,7043,1,0.0087719298245614,0.2473379469500514,3034,2638293,0.0098151772695627,861,0,0,0,1,0.94538873
3807,4689,1,0.0416666666666666,0.1705427865520547,156,29034,0.3002675150025233,313,1,0,0,1,0.5914853
3646,6991,0,0.0,0.0,567,18296,0.4523303499266485,126,1,0,0,1,0.60020876
4929,5594,0,0.0,0.0,189,54691,0.2507055761063125,101,0,1,0,1,0.6046823
1,1972,0,0.0,0.0,130,622286,0.0002265325893638,854,0,1,0,1,0.51725453
430,469,0,0.0,0.0,504,39854,0.2736915002186858,185,1,1,0,1,0.68831205
23,2960,1,0.0119047619047619,0.1953890599816478,1566,68775,0.0019590770570308,174,1,0,0,1,0.9154709
201,5153,1,0.024390243902439,0.2530848692773169,245,5902,0.2846060606060261,447,1,0,0,1,0.83160794
4743,4867,1,0.0714285714285714,0.2378295134793578,50,549,0.9175551884665988,115,1,1,0,1,0.60220754
330,2503,0,0.0,0.0,1364,311170,0.0325699682259377,910,1,0,0,1,0.80272
2187,3498,0,0.0,0.0,360,218440,0.119555666620986,1007,0,1,0,1,0.6377074
396,5773,0,0.0,0.0,145,276430,0.0316433303090066,716,0,0,0,1,0.5034492
4816,5253,0,0.0,0.0,1095,1592258,0.0083911885669588,942,0,1,0,1,0.861127
3485,4863,1,0.0125,0.2107511705009249,770,2582223,0.011639977126532,704,0,0,0,1,0.9368229
1012,5393,0,0.0,0.0,136,2834326,0.0015204453397082,1324,0,0,0,1,0.5578313
1986,4230,0,0.0,0.0,513,32111,0.1933733577834109,30,1,1,0,1,0.67156076
3173,4698,0,0.0,0.0,1037,274353,0.0145649550300278,1410,0,0,0,1,0.7981429
817,2665,1,0.0285714285714285,0.1719066341524622,299,38524,0.043666062607054,605,1,1,0,1,0.75587875
398,4816,0,0.0,0.0,292,1605311,0.0002621857196593,317,0,1,0,1,0.7256318
2528,6941,0,0.0,0.0,410,5061,0.5489304812833735,152,1,1,0,1,0.6605914
880,2186,2,0.0277777777777777,0.3585118861038316,585,460219,0.0035897002881719,1119,1,1,0,1,0.86112946
3316,5511,0,0.0,0.0,192,30218,0.0140624490195434,207,1,0,0,1,0.51133615
4639,6686,0,0.0,0.0,460,1714523,0.0029999732508684,1026,0,0,0,1,0.7864123
2922,3249,0,0.0,0.0,414,254778,0.0329794623235546,506,1,1,0,1,0.61789477
1442,2848,0,0.0,0.0,224,1789663,3.4083467618470766e-05,1248,0,0,0,1,0.59948254
4073,6808,0,0.0,0.0,300,204351,0.0097594068761659,540,0,0,0,1,0.6794769
5419,6329,0,0.0,0.0,264,62283,0.0602338740098067,273,1,1,0,1,0.53110296
760,5898,1,0.032258064516129,0.2484254983984691,175,2468,0.1518900343642089,968,1,0,0,1,0.7978972
3706,6321,0,0.0,0.0,2388,74200179,1.9447014244513415e-05,1169,0,0,0,1,0.9804037
2586,3978,0,0.0,0.0,690,3729659,0.0131597782184714,1360,0,1,0,1,0.8108938
147,3360,0,0.0,0.0,215,478900,0.0246674215701448,334,0,0,0,1,0.6367035
4524,6600,0,0.0,0.0,450,30246,0.0399314372778047,1775,1,1,0,1,0.5337068
343,4974,0,0.0,0.0,110,277886,0.0211076589239038,256,0,1,0,1,0.5427574
30,5840,0,0.0,0.0,259,36463,0.3555496641922878,689,1,1,0,1,0.5107439
5811,6059,1,0.015625,0.2790553132756236,504,338894,0.0220525428815475,1093,1,1,0,1,0.8221868
399,5948,1,0.0172413793103448,0.1805923124338364,168,94717,0.00725298451928,402,1,1,0,1,0.6009055
6358,6422,0,0.0,0.0,828,12452,0.1937843962447268,1396,1,1,0,1,0.733672
4406,5292,0,0.0,0.0,7280,28185636,0.0172572497129068,246,1,1,0,1,0.9185229
483,736,1,0.0285714285714285,0.151992980321917,324,3426,0.2238332578159891,608,1,1,0,1,0.70392996
4199,4816,1,0.0117647058823529,0.2484254983984691,949,1581582,0.0150398696669182,1448,0,1,0,1,0.9032313
896,2845,0,0.0,0.0,106,962245,0.00120095245806,139,0,1,0,1,0.533693
6315,6853,1,0.0087719298245614,0.4170323914242463,3096,167133,0.3029735590958366,1224,1,1,0,1,0.9566973
2624,7069,0,0.0,0.0,73,1563671,0.0012633738468839,209,0,1,0,1,0.5007045
1042,5969,3,0.0245901639344262,0.582403250202569,1836,2800234,0.0019812580614464,1181,0,1,0,1,0.97409034
1177,4639,0,0.0,0.0,460,1718363,0.0007670022713501,182,0,0,0,1,0.781998
919,5541,1,0.0227272727272727,0.2115333114921768,434,14438,0.0770902582459679,337,1,0,0,1,0.87245566
1414,1734,0,0.0,0.0,452,2486089,0.0009764844069906,1129,0,1,0,1,0.78655267
5747,5848,0,0.0,0.0,630,52251,0.0397155039329552,244,1,1,0,1,0.7302931
